Country Name,Country Code,Region,Year,gdp_per_capita,life_expectancy,birth_rate,fertility_rate,population_total,population_growth,urban_population_pct,school_enrollment_secondary,school_enrollment_primary,health_expenditure_per_capita,labor_force_participation,exports_pct_gdp
China,CHN,East Asia,2005,1777.64,74.08,12.4,1.62,1303720000.0,0.59,42.99,,,73.0,72.6,33.37
China,CHN,East Asia,2006,2129.26,74.4,12.09,1.64,1311020000.0,0.56,44.34,74.06,105.24,82.48,72.28,35.53
China,CHN,East Asia,2007,2734.73,74.79,12.1,1.67,1317885000.0,0.52,45.89,78.16,105.44,98.56,71.95,34.91
China,CHN,East Asia,2008,3523.44,74.83,12.14,1.7,1324655000.0,0.51,46.99,82.68,106.2,133.84,71.62,32.09
China,CHN,East Asia,2009,3898.24,75.32,11.95,1.71,1331260000.0,0.5,48.34,88.29,105.59,164.88,71.29,24.33
China,CHN,East Asia,2010,4629.25,75.67,11.9,1.69,1337705000.0,0.48,49.23,90.78,104.18,188.87,70.96,26.72
China,CHN,East Asia,2011,5703.76,75.89,13.27,1.67,1345035000.0,0.55,51.83,92.03,103.33,239.2,70.86,26.15
China,CHN,East Asia,2012,6405.06,76.2,14.57,1.8,1354190000.0,0.68,53.1,92.26,103.18,284.7,70.41,25.08
China,CHN,East Asia,2013,7147.04,76.45,13.03,1.71,1363240000.0,0.67,54.49,,101.23,329.09,69.97,24.16
China,CHN,East Asia,2014,7781.07,76.71,13.83,1.77,1371860000.0,0.63,55.75,,96.9,362.29,69.65,23.07
China,CHN,East Asia,2015,8175.33,76.97,11.99,1.67,1379860000.0,0.58,57.33,,96.34,393.1,69.3,20.94
China,CHN,East Asia,2016,8254.87,77.21,13.57,1.77,1387790000.0,0.57,58.84,,96.88,398.17,68.88,19.2
China,CHN,East Asia,2017,8979.68,77.24,12.64,1.8,1396215000.0,0.61,60.24,,97.54,439.94,68.35,19.34
China,CHN,East Asia,2018,10085.66,77.71,10.86,1.54,1402760000.0,0.47,61.5,,97.81,504.11,67.81,18.77
China,CHN,East Asia,2019,10342.9,77.94,10.41,1.5,1407745000.0,0.35,62.71,,97.82,538.99,67.38,18.06
China,CHN,East Asia,2020,10627.46,78.02,8.52,1.24,1411100000.0,0.24,63.52,,98.79,582.95,65.72,18.2
China,CHN,East Asia,2021,12887.44,78.12,7.52,1.12,1412360000.0,0.09,64.72,,99.23,670.26,67.11,19.53
China,CHN,East Asia,2022,12970.61,78.2,6.77,1.03,1412175000.0,-0.01,65.22,,100.1,755.44,65.8,20.3
China,CHN,East Asia,2023,12951.18,77.95,6.39,1.0,1410710000.0,-0.1,65.53,,99.17,763.38,65.83,19.1
Hong Kong,HKG,East Asia,2005,26649.64,81.61,8.4,0.96,6813200.0,0.44,100.0,83.0,100.73,,60.57,177.45
Hong Kong,HKG,East Asia,2006,28224.1,82.38,9.6,0.98,6857100.0,0.64,100.0,83.15,101.06,,60.54,185.19
Hong Kong,HKG,East Asia,2007,30593.95,82.37,10.2,1.03,6916300.0,0.86,100.0,84.07,100.73,,60.56,186.41
Hong Kong,HKG,East Asia,2008,31515.53,82.34,11.3,1.06,6957800.0,0.6,100.0,85.7,102.48,,60.08,193.42
Hong Kong,HKG,East Asia,2009,30697.54,82.78,11.8,1.06,6972800.0,0.22,100.0,86.57,104.34,,59.98,178.14
Hong Kong,HKG,East Asia,2010,32550.14,82.96,12.6,1.13,7024200.0,0.73,100.0,87.91,105.43,,58.82,205.32
Hong Kong,HKG,East Asia,2011,35142.49,83.41,13.5,1.2,7071600.0,0.67,100.0,86.98,104.6,,59.33,212.85
Hong Kong,HKG,East Asia,2012,36730.8,83.45,12.8,1.28,7150100.0,1.1,100.0,108.26,107.34,,59.74,215.85
Hong Kong,HKG,East Asia,2013,38403.78,83.83,8.0,1.12,7178900.0,0.4,100.0,102.78,106.88,,60.49,221.61
Hong Kong,HKG,East Asia,2014,40315.37,83.94,8.6,1.24,7229500.0,0.7,100.0,105.56,105.05,,60.33,213.09
Hong Kong,HKG,East Asia,2015,42432.16,84.25,8.2,1.2,7291300.0,0.85,100.0,107.39,105.13,,60.46,195.9
Hong Kong,HKG,East Asia,2016,43734.2,84.21,8.3,1.2,7336600.0,0.62,100.0,107.75,104.74,,60.4,187.01
Hong Kong,HKG,East Asia,2017,46160.43,84.7,7.6,1.13,7393200.0,0.77,100.0,106.79,104.81,,60.47,188.9
Hong Kong,HKG,East Asia,2018,48537.57,84.87,7.2,1.08,7452600.0,0.8,100.0,108.16,103.43,,60.65,188.34
Hong Kong,HKG,East Asia,2019,48359.0,85.16,7.0,1.06,7507900.0,0.74,100.0,105.07,102.2,,60.0,177.65
Hong Kong,HKG,East Asia,2020,46109.23,85.5,5.8,0.88,7481000.0,-0.36,100.0,100.45,105.13,,58.98,176.3
Hong Kong,HKG,East Asia,2021,49770.56,85.53,5.0,0.77,7413100.0,-0.91,100.0,100.16,106.03,,58.74,204.01
Hong Kong,HKG,East Asia,2022,48825.84,83.66,4.4,0.7,7346100.0,-0.91,100.0,106.19,103.03,,57.85,194.49
Hong Kong,HKG,East Asia,2023,50562.36,85.25,4.4,0.75,7536100.0,2.55,100.0,,,,57.22,176.8
Japan,JPN,East Asia,2005,37812.9,81.96,8.4,1.26,127773000.0,0.01,85.96,,,2892.6,60.42,13.82
Japan,JPN,East Asia,2006,35991.55,82.32,8.7,1.32,127854000.0,0.06,87.15,,,2763.53,60.42,15.66
Japan,JPN,East Asia,2007,35779.02,82.51,8.6,1.34,128001000.0,0.11,88.27,,,2781.49,60.4,17.29
Japan,JPN,East Asia,2008,39876.3,82.59,8.7,1.37,128063000.0,0.05,89.29,,,3223.29,60.16,17.24
Japan,JPN,East Asia,2009,41309.0,82.93,8.5,1.37,128047000.0,-0.01,90.11,,,3696.58,59.86,12.42
Japan,JPN,East Asia,2010,44968.16,82.84,8.5,1.39,128070000.0,0.02,90.62,,,4071.8,59.58,14.92
Japan,JPN,East Asia,2011,48760.08,82.59,8.3,1.39,127833000.0,-0.19,90.86,,,5103.34,59.25,14.77
Japan,JPN,East Asia,2012,49145.28,83.1,8.2,1.41,127629000.0,-0.16,91.03,,,5232.36,59.01,14.41
Japan,JPN,East Asia,2013,40898.65,83.33,8.2,1.43,127445000.0,-0.14,91.15,101.78,102.26,4356.16,59.24,15.78
Japan,JPN,East Asia,2014,38475.4,83.59,8.0,1.42,127276000.0,-0.13,91.25,101.81,102.42,4121.21,59.44,17.42
Japan,JPN,East Asia,2015,34960.64,83.79,8.0,1.45,127141000.0,-0.11,91.35,102.2,102.42,3754.18,59.5,17.44
Japan,JPN,East Asia,2016,39375.47,83.98,7.8,1.44,127076000.0,-0.05,91.45,101.17,102.22,4194.23,59.99,16.06
Japan,JPN,East Asia,2017,38834.05,84.1,7.6,1.43,126972000.0,-0.08,91.55,101.88,102.25,4135.24,60.44,17.59
Japan,JPN,East Asia,2018,39751.13,84.21,7.4,1.42,126811000.0,-0.13,91.64,102.43,102.1,4265.78,61.45,18.31
Japan,JPN,East Asia,2019,40415.96,84.36,7.0,1.36,126633000.0,-0.14,91.72,102.67,102.65,4431.3,62.01,17.46
Japan,JPN,East Asia,2020,40028.73,84.56,6.8,1.33,126261000.0,-0.29,91.78,102.84,102.74,4581.61,61.95,15.53
Japan,JPN,East Asia,2021,40094.56,84.45,6.6,1.3,125681593.0,-0.46,91.87,102.16,102.22,4843.94,62.05,18.11
Japan,JPN,East Asia,2022,34065.64,84.0,6.3,1.26,125124989.0,-0.44,91.98,102.34,102.16,4201.79,62.5,21.55
Japan,JPN,East Asia,2023,33836.18,84.04,6.0,1.2,124516650.0,-0.49,92.08,102.34,102.5,3638.19,62.9,21.85
Macao,MAC,East Asia,2005,25681.22,81.34,7.8,0.91,473500.0,4.05,100.0,92.04,102.85,,63.91,84.39
Macao,MAC,East Asia,2006,29813.79,81.73,8.1,0.95,498900.0,5.23,100.0,92.98,100.33,,65.85,78.55
Macao,MAC,East Asia,2007,35400.23,81.73,8.7,1.01,520900.0,4.32,100.0,94.03,101.57,,68.6,78.88
Macao,MAC,East Asia,2008,38888.51,82.03,8.7,0.98,540700.0,3.73,100.0,89.82,102.43,,69.76,79.69
Macao,MAC,East Asia,2009,40354.28,82.18,8.9,1.0,535000.0,-1.06,100.0,89.31,101.26,,69.97,78.51
Macao,MAC,East Asia,2010,52596.23,82.27,9.5,1.07,537000.0,0.37,100.0,91.16,101.17,,69.99,87.42
Macao,MAC,East Asia,2011,67046.73,82.47,10.6,1.15,549600.0,2.32,100.0,94.93,102.68,,70.87,90.34
Macao,MAC,East Asia,2012,76058.02,82.47,12.9,1.36,567900.0,3.28,100.0,97.43,99.32,,70.74,90.77
Macao,MAC,East Asia,2013,87107.83,82.72,11.1,1.15,591900.0,4.14,100.0,98.61,99.69,,70.86,90.62
Macao,MAC,East Asia,2014,88355.32,83.02,11.8,1.22,621700.0,4.91,100.0,101.76,100.71,,71.4,85.61
Macao,MAC,East Asia,2015,69902.96,83.22,11.0,1.14,642900.0,3.35,100.0,100.97,99.8,,70.81,78.7
Macao,MAC,East Asia,2016,68911.68,83.28,11.0,1.14,652500.0,1.48,100.0,99.46,101.29,,70.06,76.81
Macao,MAC,East Asia,2017,77570.99,83.53,10.1,1.02,648400.0,-0.63,100.0,97.42,105.33,,69.86,80.65
Macao,MAC,East Asia,2018,83588.29,83.68,9.0,0.92,658900.0,1.61,100.0,92.71,101.24,,70.08,82.85
Macao,MAC,East Asia,2019,81882.7,83.93,8.9,0.9,672000.0,1.97,100.0,90.67,96.24,,69.79,82.65
Macao,MAC,East Asia,2020,36883.67,84.13,8.1,0.84,685400.0,1.97,100.0,88.58,92.79,,68.67,61.66
Macao,MAC,East Asia,2021,44884.9,83.73,7.4,0.76,682500.0,-0.42,100.0,88.55,89.07,,68.92,91.89
Macao,MAC,East Asia,2022,36806.89,83.08,6.4,0.68,677300.0,-0.76,100.0,90.22,84.97,,66.65,84.79
Macao,MAC,East Asia,2023,67216.36,83.18,5.5,0.59,678800.0,0.22,100.0,92.58,86.42,,67.97,92.42
Mongolia,MNG,East Asia,2005,994.9,65.28,18.57,2.0,2536407.0,1.11,62.31,92.1,96.11,38.04,59.26,58.77
Mongolia,MNG,East Asia,2006,1329.89,65.9,19.96,2.1,2567168.0,1.21,63.84,92.31,98.07,49.53,59.19,59.44
Mongolia,MNG,East Asia,2007,1627.69,66.59,21.89,2.3,2601850.0,1.34,65.26,,96.47,66.18,59.13,59.61
Mongolia,MNG,East Asia,2008,2127.43,67.25,23.9,2.6,2643201.0,1.58,66.47,,98.89,97.27,58.45,54.02
Mongolia,MNG,East Asia,2009,1703.33,67.97,24.82,2.8,2691115.0,1.8,67.37,98.51,109.43,76.7,58.68,50.28
Mongolia,MNG,East Asia,2010,2625.22,68.51,23.1,2.4,2738622.0,1.75,67.83,91.18,121.84,99.51,58.81,46.68
Mongolia,MNG,East Asia,2011,3736.04,69.11,25.1,2.6,2786317.0,1.73,67.92,,120.55,135.99,59.8,52.55
Mongolia,MNG,East Asia,2012,4328.89,69.5,26.0,2.7,2839705.0,1.9,67.95,,115.84,169.65,59.65,43.57
Mongolia,MNG,East Asia,2013,4340.14,70.1,27.5,3.0,2899011.0,2.07,67.98,,107.68,180.42,59.5,38.89
Mongolia,MNG,East Asia,2014,4126.24,70.58,28.0,3.1,2963113.0,2.19,67.99,,99.85,176.7,59.64,52.25
Mongolia,MNG,East Asia,2015,3838.92,70.81,27.1,3.0,3026864.0,2.13,68.0,,97.81,165.19,59.67,44.18
Mongolia,MNG,East Asia,2016,3619.9,70.22,25.9,3.0,3088856.0,2.03,67.98,,97.29,168.41,58.4,50.87
Mongolia,MNG,East Asia,2017,3645.97,70.54,23.9,2.8,3148917.0,1.93,67.93,,94.45,160.49,59.14,59.17
Mongolia,MNG,East Asia,2018,4107.64,70.83,24.5,2.9,3208189.0,1.86,67.87,91.29,95.09,188.64,59.75,58.16
Mongolia,MNG,East Asia,2019,4347.55,71.05,24.4,3.0,3267673.0,1.84,67.83,88.75,94.13,197.57,65.6,59.22
Mongolia,MNG,East Asia,2020,4001.25,71.35,23.4,2.9,3327204.0,1.81,68.09,95.38,92.35,188.77,63.43,57.66
Mongolia,MNG,East Asia,2021,4517.62,71.65,21.6,2.8,3383741.0,1.68,69.22,98.33,92.02,330.04,61.2,58.55
Mongolia,MNG,East Asia,2022,4993.51,71.9,19.5,2.7,3433748.0,1.47,69.78,93.55,93.35,448.24,62.61,65.06
Mongolia,MNG,East Asia,2023,5838.63,72.12,19.0,2.7,3481145.0,1.37,70.45,96.82,93.07,359.61,60.83,76.26
South Korea,KOR,East Asia,2005,20167.05,78.17,9.0,1.08,48184561.0,0.21,81.39,97.21,100.34,944.55,61.56,34.13
South Korea,KOR,East Asia,2006,22609.71,78.67,9.2,1.13,48438292.0,0.53,81.57,96.78,100.36,1130.54,61.46,34.45
South Korea,KOR,East Asia,2007,25078.49,79.12,10.1,1.26,48683638.0,0.51,81.71,96.71,100.79,1256.36,61.32,36.04
South Korea,KOR,East Asia,2008,22252.31,79.52,9.4,1.19,49054708.0,0.76,81.84,96.35,101.34,1186.38,60.81,45.85
South Korea,KOR,East Asia,2009,19937.3,79.97,9.0,1.15,49307835.0,0.51,81.92,96.89,101.05,1150.97,60.22,43.51
South Korea,KOR,East Asia,2010,24071.26,80.12,9.4,1.23,49554112.0,0.5,81.97,97.29,100.8,1417.11,60.33,45.27
South Korea,KOR,East Asia,2011,26175.24,80.57,9.4,1.24,49936638.0,0.77,81.96,97.53,101.0,1570.55,60.64,51.28
South Korea,KOR,East Asia,2012,26600.55,80.82,9.6,1.3,50199853.0,0.53,81.91,97.37,101.15,1603.93,60.93,52.02
South Korea,KOR,East Asia,2013,28449.36,81.27,8.6,1.19,50428893.0,0.46,81.83,97.83,100.27,1738.81,61.4,49.23
South Korea,KOR,East Asia,2014,30667.09,81.72,8.6,1.2,50746659.0,0.63,81.73,98.58,99.46,1922.99,62.28,45.79
South Korea,KOR,East Asia,2015,30171.79,82.02,8.6,1.24,51014947.0,0.53,81.64,98.59,100.06,1950.9,62.58,40.97
South Korea,KOR,East Asia,2016,30832.06,82.28,7.9,1.17,51217803.0,0.4,81.56,98.72,99.72,2042.73,62.63,38.11
South Korea,KOR,East Asia,2017,33296.98,82.63,7.0,1.05,51361911.0,0.28,81.47,99.11,98.62,2258.15,62.91,38.85
South Korea,KOR,East Asia,2018,35363.95,82.63,6.4,0.98,51585058.0,0.43,81.38,99.32,98.67,2523.04,62.76,39.45
South Korea,KOR,East Asia,2019,33826.94,83.23,5.9,0.92,51764822.0,0.35,81.29,98.38,99.64,2602.48,62.99,37.04
South Korea,KOR,East Asia,2020,33645.77,83.43,5.3,0.84,51836239.0,0.14,81.18,97.09,99.22,2699.66,62.27,34.62
South Korea,KOR,East Asia,2021,37518.46,83.53,5.1,0.81,51769539.0,-0.13,81.16,98.07,98.61,3125.83,62.55,39.34
South Korea,KOR,East Asia,2022,34822.4,82.68,4.9,0.78,51672569.0,-0.19,81.16,97.82,99.01,3078.55,63.79,45.29
South Korea,KOR,East Asia,2023,35674.1,83.43,4.5,0.72,51712619.0,0.08,81.16,96.3,100.3,3043.87,64.27,41.32
American Samoa,ASM,Pacific,2005,8831.27,72.38,27.58,3.86,56617.0,-0.35,87.78,,,,,99.6
American Samoa,ASM,Pacific,2006,8745.17,72.4,26.02,3.68,56374.0,-0.43,87.5,,,,,100.41
American Samoa,ASM,Pacific,2007,9231.37,72.36,24.48,3.51,56113.0,-0.46,87.2,,,,,97.49
American Samoa,ASM,Pacific,2008,10030.81,72.43,23.62,3.42,55828.0,-0.51,86.9,,,,,114.46
American Samoa,ASM,Pacific,2009,12156.03,70.84,22.98,3.36,55528.0,-0.54,86.6,,,,,78.52
American Samoa,ASM,Pacific,2010,10375.17,72.59,22.36,3.29,55228.0,-0.54,86.32,,,,,63.53
American Samoa,ASM,Pacific,2011,10383.46,72.66,21.78,3.17,54895.0,-0.6,86.03,,,,,58.77
American Samoa,ASM,Pacific,2012,11745.49,72.71,21.27,3.04,54489.0,-0.74,85.72,,,,,75.47
American Samoa,ASM,Pacific,2013,11813.5,72.77,20.73,2.93,54006.0,-0.89,85.38,,,,,71.79
American Samoa,ASM,Pacific,2014,12026.33,72.69,20.32,2.85,53466.0,-1.0,85.04,,,,,66.72
American Samoa,ASM,Pacific,2015,12727.41,72.65,19.82,2.78,52878.0,-1.11,84.67,,,,,63.6
American Samoa,ASM,Pacific,2016,12843.33,72.64,19.14,2.7,52245.0,-1.2,84.29,,,,,63.93
American Samoa,ASM,Pacific,2017,11863.68,72.8,18.21,2.6,51586.0,-1.27,83.89,,,,,59.15
American Samoa,ASM,Pacific,2018,12552.05,72.79,17.2,2.49,50908.0,-1.32,83.48,,,,,68.23
American Samoa,ASM,Pacific,2019,12886.14,72.75,16.3,2.4,50209.0,-1.38,83.05,,,,,61.67
American Samoa,ASM,Pacific,2020,14489.26,72.67,15.66,2.36,49761.0,-0.9,82.62,,,,,59.22
American Samoa,ASM,Pacific,2021,15236.16,72.71,15.65,2.33,49225.0,-1.08,82.21,,,,,44.27
American Samoa,ASM,Pacific,2022,18017.46,72.75,15.52,2.31,48342.0,-1.81,81.79,,,,,46.96
American Samoa,ASM,Pacific,2023,,72.85,15.39,2.29,47521.0,-1.71,81.37,,,,,
Australia,AUS,Pacific,2005,34535.21,80.84,12.8,1.81,20176844.0,1.22,85.62,,103.4,2995.87,64.51,18.2
Australia,AUS,Pacific,2006,36658.82,81.04,12.9,1.91,20450966.0,1.35,85.75,,103.56,3174.87,64.85,19.82
Australia,AUS,Pacific,2007,41128.25,81.29,14.1,1.96,20827622.0,1.82,85.9,,105.42,3792.81,65.28,20.15
Australia,AUS,Pacific,2008,49811.21,81.4,14.0,1.98,21249199.0,2.0,86.03,,105.24,4083.43,65.56,20.1
Australia,AUS,Pacific,2009,42954.85,81.54,13.9,1.97,21691653.0,2.06,86.13,,105.22,3989.44,65.5,22.94
Australia,AUS,Pacific,2010,52313.89,81.7,13.7,1.93,22031750.0,1.56,86.22,,105.49,4947.96,65.48,19.73
Australia,AUS,Pacific,2011,62799.39,81.9,13.6,1.93,22340024.0,1.39,86.33,,105.27,5876.89,65.51,21.37
Australia,AUS,Pacific,2012,68301.44,82.05,13.7,1.92,22733465.0,1.75,86.45,,105.67,6038.87,65.24,21.42
Australia,AUS,Pacific,2013,68476.68,82.15,13.3,1.86,23128129.0,1.72,86.57,,105.8,5811.87,65.03,19.89
Australia,AUS,Pacific,2014,62817.21,82.3,13.2,1.83,23475686.0,1.49,86.72,,105.46,6098.25,64.79,21.0
Australia,AUS,Pacific,2015,56970.36,82.4,12.9,1.81,23815995.0,1.44,86.88,159.11,101.67,5271.93,65.08,19.98
Australia,AUS,Pacific,2016,50084.44,82.45,12.9,1.75,24190907.0,1.56,87.02,155.59,101.18,5418.44,64.95,19.2
Australia,AUS,Pacific,2017,54117.55,82.5,12.6,1.74,24592588.0,1.65,87.13,153.58,100.64,5770.69,65.25,21.17
Australia,AUS,Pacific,2018,57410.17,82.75,12.6,1.74,24963258.0,1.5,87.23,136.11,100.4,5843.65,65.8,21.81
Australia,AUS,Pacific,2019,55194.76,82.9,12.1,1.66,25334826.0,1.48,87.3,144.06,100.2,5543.38,66.09,24.06
Australia,AUS,Pacific,2020,51983.45,83.2,11.5,1.58,25649248.0,1.23,87.27,137.49,99.9,5968.0,65.03,23.94
Australia,AUS,Pacific,2021,60758.9,83.3,12.1,1.7,25685412.0,0.14,87.24,135.53,99.93,7092.13,66.15,22.0
Australia,AUS,Pacific,2022,65169.52,83.2,11.6,1.63,26018721.0,1.29,87.33,133.28,99.13,6723.98,66.89,25.46
Australia,AUS,Pacific,2023,65058.38,83.05,10.8,1.5,26659922.0,2.43,87.49,134.1,99.37,6980.39,67.02,26.7
Fiji,FJI,Pacific,2005,3377.69,65.98,24.0,2.92,882379.0,0.91,49.84,,,120.21,56.73,
Fiji,FJI,Pacific,2006,3455.11,66.13,23.96,2.9,890365.0,0.9,50.23,79.79,98.81,126.39,57.8,
Fiji,FJI,Pacific,2007,3762.75,66.16,23.72,2.87,897832.0,0.84,50.65,79.29,93.94,140.3,58.87,
Fiji,FJI,Pacific,2008,3899.92,66.32,23.29,2.82,903399.0,0.62,51.1,79.28,93.62,134.5,59.93,
Fiji,FJI,Pacific,2009,3164.13,66.35,22.84,2.76,907239.0,0.42,51.56,79.34,93.11,121.06,60.98,
Fiji,FJI,Pacific,2010,3449.14,66.78,22.33,2.7,910419.0,0.35,52.04,,,127.66,62.03,
Fiji,FJI,Pacific,2011,4139.6,66.88,21.76,2.63,912989.0,0.28,52.53,83.93,94.1,140.94,63.06,
Fiji,FJI,Pacific,2012,4341.4,65.81,21.58,2.61,914918.0,0.21,53.04,82.15,95.18,153.57,61.69,
Fiji,FJI,Pacific,2013,4572.44,66.54,21.5,2.6,916352.0,0.16,53.56,,96.62,158.52,60.3,
Fiji,FJI,Pacific,2014,5293.36,66.58,21.29,2.59,917585.0,0.13,54.08,88.18,96.89,178.31,58.89,
Fiji,FJI,Pacific,2015,5097.53,66.48,21.0,2.57,918578.0,0.11,54.62,87.84,99.36,169.48,58.24,
Fiji,FJI,Pacific,2016,5363.79,66.66,20.55,2.52,919166.0,0.06,55.17,89.18,100.26,175.92,57.58,
Fiji,FJI,Pacific,2017,5826.85,67.06,20.03,2.46,918759.0,-0.04,55.74,,102.96,185.7,57.46,
Fiji,FJI,Pacific,2018,6085.42,66.96,19.6,2.42,917180.0,-0.17,56.23,92.08,106.22,249.86,57.36,
Fiji,FJI,Pacific,2019,5842.07,67.01,19.23,2.38,914899.0,-0.25,56.71,91.88,114.91,254.83,57.37,
Fiji,FJI,Pacific,2020,4620.65,66.92,18.83,2.36,914963.0,0.01,57.19,91.54,112.55,256.26,54.0,
Fiji,FJI,Pacific,2021,4536.73,64.9,18.55,2.33,916711.0,0.19,57.66,93.96,114.93,331.58,54.46,
Fiji,FJI,Pacific,2022,5414.12,67.15,18.24,2.31,919422.0,0.3,58.14,95.31,112.26,217.15,57.12,
Fiji,FJI,Pacific,2023,5926.21,67.32,18.0,2.28,924145.0,0.51,58.61,98.54,111.94,212.89,57.2,
French Polynesia,PYF,Pacific,2005,21984.19,79.95,17.92,2.18,259507.0,1.5,56.85,,,,56.73,20.46
French Polynesia,PYF,Pacific,2006,22330.87,80.1,18.18,2.22,263223.0,1.42,57.58,,,,56.41,20.25
French Polynesia,PYF,Pacific,2007,24888.18,80.33,17.39,2.12,266438.0,1.21,58.41,,,,56.08,20.38
French Polynesia,PYF,Pacific,2008,26592.03,80.59,18.03,2.19,268379.0,0.73,59.26,,,,56.08,18.93
French Polynesia,PYF,Pacific,2009,24434.22,80.87,17.66,2.15,269481.0,0.41,60.07,,,,56.11,16.71
French Polynesia,PYF,Pacific,2010,22494.81,81.14,17.82,2.16,270580.0,0.41,60.76,,,,56.16,16.38
French Polynesia,PYF,Pacific,2011,22831.52,81.43,16.92,2.06,271727.0,0.42,61.27,,,,56.21,18.23
French Polynesia,PYF,Pacific,2012,20846.55,81.69,16.53,2.03,273084.0,0.5,61.53,,,,56.26,19.28
French Polynesia,PYF,Pacific,2013,21955.63,81.94,15.71,1.94,274728.0,0.6,61.61,,,,56.16,18.52
French Polynesia,PYF,Pacific,2014,22258.63,82.15,15.8,1.96,276387.0,0.6,61.68,,,,56.04,19.7
French Polynesia,PYF,Pacific,2015,19166.96,82.34,15.0,1.87,277866.0,0.53,61.74,,,,55.96,19.61
French Polynesia,PYF,Pacific,2016,19690.08,82.56,14.0,1.76,279178.0,0.47,61.77,,,,55.88,19.61
French Polynesia,PYF,Pacific,2017,20826.93,82.77,13.15,1.67,280087.0,0.33,61.79,,,,55.82,19.56
French Polynesia,PYF,Pacific,2018,21925.62,82.98,12.81,1.64,279815.0,-0.1,61.79,,,,55.61,20.98
French Polynesia,PYF,Pacific,2019,21582.59,83.2,11.94,1.57,279034.0,-0.28,61.78,,,,55.4,20.59
French Polynesia,PYF,Pacific,2020,19966.48,82.46,11.78,1.57,279209.0,0.06,61.77,,,,54.46,9.5
French Polynesia,PYF,Pacific,2021,21426.39,79.57,11.42,1.53,279792.0,0.21,61.74,,,,54.25,13.44
French Polynesia,PYF,Pacific,2022,20053.96,83.86,11.16,1.52,280378.0,0.21,61.69,,,,53.96,21.82
French Polynesia,PYF,Pacific,2023,21832.28,84.07,10.91,1.5,281118.0,0.26,61.7,,,,53.35,24.07
Guam,GUM,Pacific,2005,25631.98,76.43,19.44,2.64,164365.0,0.34,93.79,,,,61.1,22.69
Guam,GUM,Pacific,2006,25709.94,76.48,20.46,2.81,164839.0,0.29,93.89,,,,62.7,23.71
Guam,GUM,Pacific,2007,26605.43,76.4,20.96,2.9,165267.0,0.26,93.97,,,,57.8,22.86
Guam,GUM,Pacific,2008,28112.23,76.23,20.77,2.9,165693.0,0.26,94.03,,,,59.76,20.89
Guam,GUM,Pacific,2009,29054.06,76.14,20.5,2.89,166173.0,0.29,94.07,,,,61.7,17.36
Guam,GUM,Pacific,2010,29719.8,76.1,20.94,2.97,166522.0,0.21,94.08,,,,61.4,17.09
Guam,GUM,Pacific,2011,29926.21,76.15,20.15,2.88,166543.0,0.01,94.08,,,,62.6,18.62
Guam,GUM,Pacific,2012,31653.75,76.24,21.7,3.12,166331.0,-0.13,94.08,,,,62.54,19.07
Guam,GUM,Pacific,2013,32530.76,76.36,19.94,2.88,165966.0,-0.22,94.08,,,,62.49,19.5
Guam,GUM,Pacific,2014,33900.15,76.42,20.23,2.95,165486.0,-0.29,94.08,,,,62.44,18.84
Guam,GUM,Pacific,2015,35165.7,76.44,19.94,2.93,164905.0,-0.35,94.08,,,,62.41,18.07
Guam,GUM,Pacific,2016,35930.66,76.45,21.38,3.17,164233.0,-0.41,94.08,,,,62.39,18.96
Guam,GUM,Pacific,2017,36779.01,76.46,20.62,3.09,163490.0,-0.45,94.08,,,,62.36,18.98
Guam,GUM,Pacific,2018,37195.95,76.56,19.82,3.0,162679.0,-0.5,94.08,,,,62.36,19.25
Guam,GUM,Pacific,2019,39274.94,76.64,19.26,2.94,161808.0,-0.54,94.08,,,,62.28,22.25
Guam,GUM,Pacific,2020,36482.94,75.53,18.61,2.9,162158.0,0.22,94.08,,,,59.18,6.41
Guam,GUM,Pacific,2021,38074.88,75.43,18.3,2.86,163730.0,0.96,94.09,,,,59.64,3.1
Guam,GUM,Pacific,2022,41833.15,77.1,18.01,2.82,165180.0,0.88,94.11,,,,62.19,7.89
Guam,GUM,Pacific,2023,,77.21,17.66,2.78,166506.0,0.8,94.13,,,,62.24,
Kiribati,KIR,Pacific,2005,1161.78,65.52,29.18,3.76,98035.0,2.01,43.54,85.84,109.63,131.89,,14.14
Kiribati,KIR,Pacific,2006,1123.19,65.6,29.74,3.82,100017.0,2.0,43.73,84.04,107.58,126.86,,10.2
Kiribati,KIR,Pacific,2007,1352.58,65.68,30.35,3.86,102068.0,2.03,44.62,83.7,104.2,148.06,,15.45
Kiribati,KIR,Pacific,2008,1410.62,65.75,30.83,3.9,104222.0,2.09,45.95,82.93,105.91,190.34,,14.11
Kiribati,KIR,Pacific,2009,1316.63,65.81,31.08,3.9,106467.0,2.13,47.35,,102.41,167.97,,14.14
Kiribati,KIR,Pacific,2010,1522.1,65.86,31.25,3.9,108704.0,2.08,48.46,,,133.16,,11.57
Kiribati,KIR,Pacific,2011,1771.13,65.9,31.43,3.88,110647.0,1.77,49.12,,,141.51,,13.17
Kiribati,KIR,Pacific,2012,1843.55,65.91,30.8,3.77,112284.0,1.47,49.58,,,146.62,,12.77
Kiribati,KIR,Pacific,2013,1772.09,65.9,30.05,3.64,113838.0,1.37,49.97,,,154.34,,10.97
Kiribati,KIR,Pacific,2014,1736.71,65.87,29.31,3.52,115326.0,1.3,50.39,,109.12,155.39,,12.03
Kiribati,KIR,Pacific,2015,1639.85,65.83,28.86,3.44,116815.0,1.28,50.95,,105.43,118.33,,13.96
Kiribati,KIR,Pacific,2016,1742.67,65.8,28.51,3.38,118478.0,1.41,51.77,,108.73,157.73,,16.62
Kiribati,KIR,Pacific,2017,1853.05,65.79,28.28,3.34,120275.0,1.51,52.97,,103.3,179.58,,13.26
Kiribati,KIR,Pacific,2018,1912.74,65.81,28.11,3.32,122084.0,1.49,54.5,,,208.74,,9.05
Kiribati,KIR,Pacific,2019,1751.0,65.87,27.83,3.29,123921.0,1.49,56.28,,,177.93,,14.98
Kiribati,KIR,Pacific,2020,1751.78,65.2,27.36,3.25,126099.0,1.74,58.41,,105.72,239.24,,10.42
Kiribati,KIR,Pacific,2021,2222.05,64.15,26.91,3.22,128377.0,1.79,59.64,87.14,103.69,263.1,,3.77
Kiribati,KIR,Pacific,2022,2069.77,66.27,26.4,3.18,130469.0,1.62,60.57,88.69,102.16,217.68,,7.6
Kiribati,KIR,Pacific,2023,2177.7,66.47,25.81,3.15,132530.0,1.57,61.52,94.74,97.37,238.13,,5.92
Marshall Islands,MHL,Pacific,2005,2658.65,64.11,37.19,4.28,51906.0,0.22,70.62,73.76,105.96,490.6,,32.74
Marshall Islands,MHL,Pacific,2006,2754.27,64.21,36.55,4.2,51992.0,0.17,71.21,79.18,105.28,613.3,,25.16
Marshall Islands,MHL,Pacific,2007,2892.28,64.26,35.59,4.09,52035.0,0.08,71.79,82.46,101.76,485.02,,26.1
Marshall Islands,MHL,Pacific,2008,2817.61,64.3,34.33,3.97,52030.0,-0.01,72.37,84.75,102.19,536.23,,29.38
Marshall Islands,MHL,Pacific,2009,2906.63,64.4,32.79,3.83,52019.0,-0.02,72.91,83.87,102.75,543.68,,27.86
Marshall Islands,MHL,Pacific,2010,3095.46,64.5,30.94,3.67,52044.0,0.05,73.41,,,548.6,,36.09
Marshall Islands,MHL,Pacific,2011,3319.4,64.64,29.22,3.53,51907.0,-0.26,73.86,,105.39,376.39,,51.25
Marshall Islands,MHL,Pacific,2012,3514.27,64.78,27.71,3.38,51419.0,-0.94,74.27,,,410.5,,54.77
Marshall Islands,MHL,Pacific,2013,3677.91,64.95,26.4,3.25,50681.0,-1.45,74.68,,,445.42,,51.15
Marshall Islands,MHL,Pacific,2014,3735.24,65.11,25.7,3.18,49796.0,-1.76,75.08,,,449.91,,49.62
Marshall Islands,MHL,Pacific,2015,3764.34,65.29,25.16,3.13,48800.0,-2.02,75.47,83.17,106.64,557.35,,44.24
Marshall Islands,MHL,Pacific,2016,4229.81,65.48,24.72,3.09,47709.0,-2.26,75.85,84.97,104.85,619.36,,36.49
Marshall Islands,MHL,Pacific,2017,4592.83,65.67,24.39,3.06,46529.0,-2.5,76.23,,,553.06,,39.11
Marshall Islands,MHL,Pacific,2018,4858.12,65.87,24.07,3.04,45285.0,-2.71,76.59,,,702.84,,39.73
Marshall Islands,MHL,Pacific,2019,5292.34,66.05,23.74,3.01,44007.0,-2.86,76.94,92.65,109.18,793.67,,37.06
Marshall Islands,MHL,Pacific,2020,5661.97,65.39,23.44,2.99,42706.0,-3.0,77.29,92.97,108.45,687.02,,35.49
Marshall Islands,MHL,Pacific,2021,6315.31,65.42,23.18,2.96,41367.0,-3.19,77.62,94.73,111.78,782.16,,45.98
Marshall Islands,MHL,Pacific,2022,6455.66,66.72,21.99,2.94,40077.0,-3.17,77.99,83.11,108.98,859.05,,39.98
Marshall Islands,MHL,Pacific,2023,6793.24,66.94,21.14,2.92,38827.0,-3.17,78.36,89.55,107.11,894.22,,38.57
Micronesia,FSM,Pacific,2005,2207.17,64.91,28.39,3.6,111412.0,-0.46,22.33,87.25,110.22,397.92,,17.08
Micronesia,FSM,Pacific,2006,2244.97,64.86,27.76,3.51,110729.0,-0.61,22.33,,,245.42,,18.5
Micronesia,FSM,Pacific,2007,2293.51,64.84,27.1,3.44,109880.0,-0.77,22.32,,109.7,258.65,,23.01
Micronesia,FSM,Pacific,2008,2369.51,64.85,26.41,3.37,108936.0,-0.86,22.31,,,289.5,,23.63
Micronesia,FSM,Pacific,2009,2544.11,64.86,25.82,3.31,107957.0,-0.9,22.3,,,325.57,,22.21
Micronesia,FSM,Pacific,2010,2702.61,64.89,25.21,3.27,107540.0,-0.39,22.29,,,361.97,,24.08
Micronesia,FSM,Pacific,2011,2848.7,64.97,24.74,3.22,107698.0,0.15,22.29,,,378.15,,25.1
Micronesia,FSM,Pacific,2012,2992.29,65.08,24.37,3.18,107890.0,0.18,22.29,,,372.1,,30.36
Micronesia,FSM,Pacific,2013,2893.13,65.18,24.03,3.13,108121.0,0.21,22.3,,95.03,354.82,,30.69
Micronesia,FSM,Pacific,2014,2896.73,65.29,23.78,3.09,108396.0,0.25,22.3,,97.31,345.02,,32.48
Micronesia,FSM,Pacific,2015,2853.08,65.31,23.57,3.05,108716.0,0.29,22.31,,93.57,362.28,,27.73
Micronesia,FSM,Pacific,2016,2979.6,65.58,23.35,3.0,109075.0,0.33,22.32,,94.08,399.77,,28.31
Micronesia,FSM,Pacific,2017,3279.11,65.76,23.17,2.96,109481.0,0.37,22.33,,94.22,409.12,,30.64
Micronesia,FSM,Pacific,2018,3566.59,65.94,23.06,2.92,109909.0,0.39,22.34,,96.29,428.01,,36.48
Micronesia,FSM,Pacific,2019,3572.66,66.2,22.89,2.88,110282.0,0.34,22.36,,94.36,425.28,,26.65
Micronesia,FSM,Pacific,2020,3362.03,65.88,22.69,2.85,110916.0,0.57,22.38,,87.42,403.04,,17.16
Micronesia,FSM,Pacific,2021,3508.22,66.15,22.69,2.82,111624.0,0.64,22.39,,87.4,399.44,,20.17
Micronesia,FSM,Pacific,2022,3710.12,66.96,22.51,2.78,112114.0,0.44,22.41,,87.11,468.54,,21.16
Micronesia,FSM,Pacific,2023,3919.64,67.2,22.3,2.75,112630.0,0.46,22.43,,82.15,507.78,,27.63
Nauru,NRU,Pacific,2005,2992.4,59.36,28.45,3.38,10049.0,-0.11,100.0,42.55,121.37,328.93,,
Nauru,NRU,Pacific,2006,2910.14,59.41,29.08,3.4,10034.0,-0.15,100.0,57.97,96.94,363.46,,
Nauru,NRU,Pacific,2007,2272.15,59.49,30.41,3.5,10020.0,-0.14,100.0,50.51,88.72,586.82,,
Nauru,NRU,Pacific,2008,3756.85,59.68,32.27,3.66,10009.0,-0.11,100.0,61.96,92.89,809.66,,90.48
Nauru,NRU,Pacific,2009,4410.57,59.85,34.27,3.85,10016.0,0.07,100.0,,,575.4,,83.33
Nauru,NRU,Pacific,2010,4735.92,60.07,36.1,4.02,10043.0,0.27,100.0,,,626.21,,51.85
Nauru,NRU,Pacific,2011,6444.04,60.29,36.8,4.12,10098.0,0.55,100.0,,,672.28,,62.12
Nauru,NRU,Pacific,2012,9842.77,60.53,36.14,4.12,10267.0,1.66,100.0,83.11,98.79,873.82,,68.37
Nauru,NRU,Pacific,2013,8974.52,60.7,35.34,4.1,10517.0,2.41,100.0,,,808.11,,101.09
Nauru,NRU,Pacific,2014,9230.05,60.83,34.69,4.08,10742.0,2.12,100.0,83.92,109.66,736.0,,99.07
Nauru,NRU,Pacific,2015,7747.26,60.9,34.22,4.08,10954.0,1.95,100.0,,99.08,973.31,,71.57
Nauru,NRU,Pacific,2016,8748.16,61.0,33.58,4.03,11150.0,1.77,100.0,78.67,112.51,978.48,,72.39
Nauru,NRU,Pacific,2017,9656.98,61.1,32.24,3.88,11324.0,1.55,100.0,,,1127.48,,60.0
Nauru,NRU,Pacific,2018,11413.75,61.24,30.66,3.68,11477.0,1.34,100.0,,,1220.08,,54.71
Nauru,NRU,Pacific,2019,10801.77,61.39,29.58,3.53,11587.0,0.95,100.0,86.11,104.8,1213.87,,60.4
Nauru,NRU,Pacific,2020,10709.07,61.53,28.66,3.47,11643.0,0.48,100.0,80.24,102.26,1270.53,,43.58
Nauru,NRU,Pacific,2021,14979.1,61.33,27.79,3.42,11709.0,0.57,100.0,,,1636.46,,30.82
Nauru,NRU,Pacific,2022,12911.91,61.93,26.61,3.38,11801.0,0.78,100.0,92.78,101.39,2264.07,,53.81
Nauru,NRU,Pacific,2023,12752.47,62.11,25.5,3.33,11875.0,0.63,100.0,90.1,109.9,2292.37,,43.47
New Caledonia,NCL,Pacific,2005,25528.29,74.87,18.1,2.23,244381.0,1.45,63.92,,,,64.7,21.47
New Caledonia,NCL,Pacific,2006,28193.25,75.02,18.03,2.24,247547.0,1.29,64.75,,,,64.63,23.89
New Caledonia,NCL,Pacific,2007,35177.65,75.18,17.64,2.22,250725.0,1.28,65.62,,,,64.59,27.38
New Caledonia,NCL,Pacific,2008,35723.9,75.4,17.34,2.2,253825.0,1.23,66.33,,,,64.47,18.55
New Caledonia,NCL,Pacific,2009,33836.49,75.68,17.01,2.19,257250.0,1.34,66.66,,,,64.34,15.4
New Caledonia,NCL,Pacific,2010,35798.91,75.99,16.77,2.19,261582.0,1.67,66.7,,,,64.33,20.2
New Caledonia,NCL,Pacific,2011,38835.94,76.32,16.83,2.2,266543.0,1.88,66.73,,,,64.27,20.09
New Caledonia,NCL,Pacific,2012,35559.57,76.61,16.79,2.2,271633.0,1.89,66.74,,,,64.17,17.76
New Caledonia,NCL,Pacific,2013,36671.16,76.87,16.44,2.17,276822.0,1.89,66.76,,,,64.06,15.72
New Caledonia,NCL,Pacific,2014,37816.96,77.05,16.03,2.12,281224.0,1.58,66.78,,,,63.9,18.59
New Caledonia,NCL,Pacific,2015,30858.72,77.21,15.74,2.08,283168.0,0.69,66.83,,,,62.69,18.07
New Caledonia,NCL,Pacific,2016,30782.85,77.36,15.67,2.08,283423.0,0.09,66.89,,,,61.45,19.27
New Caledonia,NCL,Pacific,2017,32354.71,77.5,15.33,2.04,283546.0,0.04,66.97,,,,60.2,21.01
New Caledonia,NCL,Pacific,2018,34902.9,77.56,15.23,2.04,283541.0,-0.0,67.06,,,,58.94,20.99
New Caledonia,NCL,Pacific,2019,33411.34,77.26,15.18,2.05,283606.0,0.02,67.16,,,,57.65,18.33
New Caledonia,NCL,Pacific,2020,33270.33,77.05,14.9,2.02,284176.0,0.2,67.27,,,,57.68,18.05
New Caledonia,NCL,Pacific,2021,35311.55,77.11,14.75,2.01,285214.0,0.36,67.41,,,,57.37,14.15
New Caledonia,NCL,Pacific,2022,33516.36,77.7,14.5,2.0,287123.0,0.67,67.57,,,,57.59,15.38
New Caledonia,NCL,Pacific,2023,33701.89,78.77,14.26,1.98,289870.0,0.95,67.75,,,,57.25,16.94
New Zealand,NZL,Pacific,2005,27751.07,79.85,13.96,1.97,4133900.0,1.13,85.93,119.56,99.83,2295.37,67.19,28.29
New Zealand,NZL,Pacific,2006,26654.59,80.05,14.14,2.01,4184600.0,1.22,85.94,117.91,99.6,2304.07,67.74,29.61
New Zealand,NZL,Pacific,2007,32479.98,80.15,15.15,2.18,4223800.0,0.93,85.93,119.57,99.46,2705.66,68.01,29.27
New Zealand,NZL,Pacific,2008,31324.74,80.35,15.1,2.19,4259800.0,0.85,85.91,118.05,99.33,2708.66,67.97,32.01
New Zealand,NZL,Pacific,2009,28276.73,80.7,14.53,2.13,4302600.0,1.0,85.89,125.81,99.06,2582.28,67.75,28.67
New Zealand,NZL,Pacific,2010,33761.9,80.9,14.68,2.17,4350700.0,1.11,85.86,119.13,99.03,3072.74,67.54,30.2
New Zealand,NZL,Pacific,2011,38431.78,81.16,14.0,2.09,4384000.0,0.76,85.82,118.26,99.07,3501.22,67.9,30.36
New Zealand,NZL,Pacific,2012,40053.7,81.41,13.87,2.1,4408100.0,0.55,85.78,116.83,98.88,3682.94,67.64,28.8
New Zealand,NZL,Pacific,2013,43000.46,81.4,13.2,2.01,4442100.0,0.77,85.71,115.65,98.88,3833.82,67.41,28.8
New Zealand,NZL,Pacific,2014,44618.27,81.46,12.67,1.92,4516500.0,1.66,85.51,116.08,98.65,3997.43,68.31,27.95
New Zealand,NZL,Pacific,2015,38665.37,81.61,13.23,1.99,4609400.0,2.04,85.15,114.89,98.54,3433.6,68.4,27.93
New Zealand,NZL,Pacific,2016,40113.72,81.66,12.6,1.87,4714100.0,2.25,84.69,113.69,98.58,3516.93,69.55,26.61
New Zealand,NZL,Pacific,2017,42950.38,81.86,12.38,1.81,4813600.0,2.09,84.17,112.94,98.48,3702.1,70.48,27.56
New Zealand,NZL,Pacific,2018,43257.08,81.71,11.84,1.71,4900600.0,1.79,83.8,112.41,98.55,3706.8,70.51,27.87
New Zealand,NZL,Pacific,2019,42855.83,82.06,11.96,1.72,4970300.0,1.41,83.8,120.27,98.25,3679.6,70.17,27.33
New Zealand,NZL,Pacific,2020,41997.78,82.26,11.32,1.61,5072400.0,2.03,83.81,116.89,97.54,3887.71,69.86,21.7
New Zealand,NZL,Pacific,2021,49950.43,82.21,11.48,1.64,5084600.0,0.24,83.83,117.6,97.92,4749.04,70.4,22.31
New Zealand,NZL,Pacific,2022,49099.71,81.96,11.49,1.66,5081700.0,-0.06,83.85,114.77,96.56,5138.34,70.93,24.05
New Zealand,NZL,Pacific,2023,49075.96,83.0,10.86,1.56,5200000.0,2.3,83.89,113.4,96.87,4997.24,71.5,23.72
Northern Mariana Islands,MNP,Pacific,2005,17015.75,77.31,22.96,2.26,62354.0,-2.51,90.58,,,,,95.85
Northern Mariana Islands,MNP,Pacific,2006,16314.56,77.69,24.49,2.61,60682.0,-2.72,90.65,,,,,83.74
Northern Mariana Islands,MNP,Pacific,2007,15914.22,77.86,24.23,2.79,58941.0,-2.91,90.73,,,,,66.84
Northern Mariana Islands,MNP,Pacific,2008,16430.45,77.94,22.75,2.82,57150.0,-3.09,90.8,,,,,51.97
Northern Mariana Islands,MNP,Pacific,2009,14369.63,77.9,20.62,2.74,55325.0,-3.25,90.87,,,,,39.25
Northern Mariana Islands,MNP,Pacific,2010,14771.4,77.8,20.67,2.98,54091.0,-2.26,90.95,,,,,41.93
Northern Mariana Islands,MNP,Pacific,2011,13598.72,77.69,21.41,3.21,53608.0,-0.9,91.03,,,,,43.48
Northern Mariana Islands,MNP,Pacific,2012,14013.6,77.57,21.78,3.33,53234.0,-0.7,91.1,,,,,50.8
Northern Mariana Islands,MNP,Pacific,2013,14632.85,77.45,22.78,3.54,52758.0,-0.9,91.18,,,,,52.07
Northern Mariana Islands,MNP,Pacific,2014,15945.42,77.38,21.46,3.37,52178.0,-1.11,91.25,,,,,52.52
Northern Mariana Islands,MNP,Pacific,2015,17665.1,77.36,19.79,3.13,51514.0,-1.28,91.33,,,,,52.97
Northern Mariana Islands,MNP,Pacific,2016,24225.47,77.39,18.37,2.92,50773.0,-1.45,91.4,,,,,71.71
Northern Mariana Islands,MNP,Pacific,2017,31225.6,77.47,17.32,2.76,49959.0,-1.62,91.47,,,,,69.29
Northern Mariana Islands,MNP,Pacific,2018,26509.36,77.51,16.56,2.64,49077.0,-1.78,91.54,,,,,50.73
Northern Mariana Islands,MNP,Pacific,2019,24496.67,77.84,16.03,2.56,48129.0,-1.95,91.62,,,,,42.49
Northern Mariana Islands,MNP,Pacific,2020,18220.84,78.03,15.49,2.49,47528.0,-1.26,91.69,,,,,14.78
Northern Mariana Islands,MNP,Pacific,2021,19455.5,78.16,14.82,2.44,46979.0,-1.16,91.78,,,,,6.02
Northern Mariana Islands,MNP,Pacific,2022,23785.75,78.53,13.81,2.39,46078.0,-1.94,91.88,,,,,22.26
Northern Mariana Islands,MNP,Pacific,2023,,78.81,12.92,2.35,45143.0,-2.05,91.98,,,,,
Palau,PLW,Pacific,2005,9635.28,66.22,13.94,2.02,19819.0,-0.01,77.57,97.34,109.53,810.1,,42.81
Palau,PLW,Pacific,2006,9881.66,66.63,13.81,2.0,19593.0,-1.15,78.31,100.89,107.81,852.01,,45.43
Palau,PLW,Pacific,2007,10402.54,67.11,13.74,1.97,19302.0,-1.5,79.02,101.12,107.82,897.35,,42.6
Palau,PLW,Pacific,2008,10577.5,67.56,13.68,1.95,19009.0,-1.53,79.66,,,880.84,,46.23
Palau,PLW,Pacific,2009,10147.77,67.99,13.65,1.94,18709.0,-1.59,80.22,,,947.13,,41.74
Palau,PLW,Pacific,2010,10221.92,68.35,13.65,1.94,18396.0,-1.69,80.66,,,1093.31,,45.44
Palau,PLW,Pacific,2011,10993.6,68.64,13.8,1.96,18078.0,-1.74,80.97,,,1072.56,,51.39
Palau,PLW,Pacific,2012,12137.17,68.86,13.99,2.01,17765.0,-1.75,81.13,,,1239.99,,55.66
Palau,PLW,Pacific,2013,12698.92,68.98,14.02,2.05,17648.0,-0.66,81.08,106.16,116.4,1399.3,,54.98
Palau,PLW,Pacific,2014,13863.45,69.06,13.36,2.03,17715.0,0.38,80.73,108.38,112.72,1481.36,,55.27
Palau,PLW,Pacific,2015,16154.05,69.07,12.58,2.0,17770.0,0.31,80.39,,,1554.91,,52.92
Palau,PLW,Pacific,2016,17150.48,69.05,12.74,2.06,17797.0,0.15,80.11,,,1704.62,,47.9
Palau,PLW,Pacific,2017,16401.78,69.02,12.44,2.02,17812.0,0.08,79.83,,,1775.33,,45.29
Palau,PLW,Pacific,2018,16166.97,68.99,12.0,1.97,17814.0,0.01,79.55,,,1809.22,,42.81
Palau,PLW,Pacific,2019,15846.8,68.98,11.92,1.98,17798.0,-0.09,79.28,,,1928.92,,38.31
Palau,PLW,Pacific,2020,14708.21,68.69,11.62,1.97,17792.0,-0.03,79.08,160.8,105.47,1938.34,,23.08
Palau,PLW,Pacific,2021,13009.25,68.56,11.38,1.95,17783.0,-0.05,79.09,102.28,108.99,1931.31,,6.71
Palau,PLW,Pacific,2022,13729.76,68.92,11.12,1.93,17759.0,-0.14,79.11,89.05,92.01,2077.73,,15.67
Palau,PLW,Pacific,2023,15610.82,69.27,10.9,1.91,17727.0,-0.18,79.15,97.29,100.72,1683.85,,26.28
Papua New Guinea,PNG,Pacific,2005,744.49,61.87,32.81,4.22,6535905.0,3.23,13.07,,57.03,27.5,48.62,
Papua New Guinea,PNG,Pacific,2006,1238.18,62.02,32.36,4.15,6747720.0,3.19,13.05,,55.56,30.04,48.58,
Papua New Guinea,PNG,Pacific,2007,1370.75,62.21,31.92,4.08,6963345.0,3.15,13.03,,,33.19,48.49,
Papua New Guinea,PNG,Pacific,2008,1624.79,62.51,31.55,4.01,7183002.0,3.11,13.02,,59.44,34.69,48.56,
Papua New Guinea,PNG,Pacific,2009,1568.83,62.77,31.07,3.94,7406438.0,3.06,13.01,,,36.54,48.48,
Papua New Guinea,PNG,Pacific,2010,1866.87,63.06,30.73,3.88,7633523.0,3.02,13.0,,,39.35,48.34,
Papua New Guinea,PNG,Pacific,2011,2288.38,63.38,30.3,3.82,7859346.0,2.92,13.0,,,52.49,48.74,
Papua New Guinea,PNG,Pacific,2012,2635.09,63.64,29.8,3.75,8081390.0,2.79,13.01,37.06,100.86,70.28,49.06,
Papua New Guinea,PNG,Pacific,2013,2560.77,63.93,29.35,3.68,8302698.0,2.7,13.06,,,76.75,49.39,
Papua New Guinea,PNG,Pacific,2014,2723.18,64.2,28.9,3.62,8523441.0,2.62,13.13,,101.78,89.08,49.53,
Papua New Guinea,PNG,Pacific,2015,2484.6,64.47,28.38,3.56,8743246.0,2.55,13.23,,,45.19,49.8,
Papua New Guinea,PNG,Pacific,2016,2316.39,64.7,27.86,3.5,8961718.0,2.47,13.37,,104.51,53.99,50.09,
Papua New Guinea,PNG,Pacific,2017,2477.77,64.92,27.36,3.43,9178714.0,2.39,13.52,,,55.25,50.42,
Papua New Guinea,PNG,Pacific,2018,2566.37,65.11,26.96,3.38,9394513.0,2.32,13.71,44.55,110.13,59.04,50.83,
Papua New Guinea,PNG,Pacific,2019,2575.77,65.33,26.47,3.32,9609010.0,2.26,13.93,46.27,105.32,59.9,51.14,
Papua New Guinea,PNG,Pacific,2020,2429.61,65.08,26.09,3.27,9815746.0,2.13,14.17,44.55,102.05,55.93,51.0,
Papua New Guinea,PNG,Pacific,2021,2607.58,64.36,25.58,3.22,10012896.0,1.99,14.44,45.85,101.94,61.03,51.67,
Papua New Guinea,PNG,Pacific,2022,3102.29,65.27,25.16,3.16,10203169.0,1.88,14.74,,111.09,81.11,51.99,
Papua New Guinea,PNG,Pacific,2023,2966.07,66.13,24.58,3.1,10389635.0,1.81,15.06,52.09,121.09,85.15,51.96,
Samoa,WSM,Pacific,2005,2550.04,71.49,29.52,4.32,186978.0,0.39,21.24,81.78,102.36,121.24,55.42,28.54
Samoa,WSM,Pacific,2006,2663.29,71.62,29.33,4.32,187709.0,0.39,20.96,81.54,102.46,133.42,55.34,29.61
Samoa,WSM,Pacific,2007,3038.62,71.6,29.33,4.36,188753.0,0.55,20.69,80.49,103.19,147.85,55.29,29.21
Samoa,WSM,Pacific,2008,3373.61,71.53,29.77,4.42,190107.0,0.71,20.4,,,156.89,55.14,27.86
Samoa,WSM,Pacific,2009,3279.18,69.49,30.14,4.47,191513.0,0.74,20.1,82.59,102.94,172.45,55.13,28.0
Samoa,WSM,Pacific,2010,3524.25,71.45,30.54,4.52,193023.0,0.79,19.83,84.04,107.65,185.44,54.92,27.72
Samoa,WSM,Pacific,2011,3821.51,71.39,30.78,4.56,194713.0,0.87,19.62,82.76,104.3,211.89,54.77,28.39
Samoa,WSM,Pacific,2012,3934.6,71.16,30.69,4.54,196498.0,0.91,19.48,82.38,104.04,197.02,54.87,26.24
Samoa,WSM,Pacific,2013,4023.53,71.23,30.53,4.49,198268.0,0.9,19.39,,,247.41,54.87,28.1
Samoa,WSM,Pacific,2014,3982.68,71.14,30.25,4.42,200037.0,0.89,19.31,87.45,106.65,252.31,54.84,27.59
Samoa,WSM,Pacific,2015,4084.36,71.06,29.82,4.34,201782.0,0.87,19.23,87.56,107.08,232.5,54.71,27.14
Samoa,WSM,Pacific,2016,4147.07,71.0,29.28,4.26,203499.0,0.85,19.13,87.35,107.32,238.35,54.5,28.78
Samoa,WSM,Pacific,2017,4307.59,70.99,28.8,4.2,205415.0,0.94,18.97,,106.41,220.82,54.43,29.66
Samoa,WSM,Pacific,2018,4231.81,71.05,28.49,4.14,207582.0,1.05,18.72,,103.78,200.41,52.35,31.97
Samoa,WSM,Pacific,2019,4351.94,70.27,27.96,4.06,209780.0,1.05,18.41,,103.1,242.91,50.15,35.03
Samoa,WSM,Pacific,2020,4099.6,70.73,27.45,4.0,211944.0,1.03,18.05,,101.99,252.78,47.57,29.2
Samoa,WSM,Pacific,2021,4021.56,71.1,26.89,3.94,213779.0,0.86,17.57,,104.73,285.65,45.59,11.47
Samoa,WSM,Pacific,2022,4132.45,71.55,26.1,3.88,215261.0,0.69,17.5,,103.31,259.95,43.73,11.49
Samoa,WSM,Pacific,2023,4822.74,71.7,25.4,3.83,216663.0,0.65,17.5,,101.62,292.81,43.44,26.21
Solomon Islands,SLB,Pacific,2005,1144.49,67.79,34.03,4.41,483080.0,1.77,17.6,30.67,98.36,89.03,84.45,27.3
Solomon Islands,SLB,Pacific,2006,1255.62,67.97,33.99,4.39,491594.0,1.75,18.05,35.71,104.06,87.75,84.47,27.06
Solomon Islands,SLB,Pacific,2007,1390.15,67.84,33.94,4.37,500156.0,1.73,18.53,36.74,105.48,89.11,84.51,32.15
Solomon Islands,SLB,Pacific,2008,1525.85,68.34,33.85,4.36,508790.0,1.71,19.04,,,75.67,84.46,34.73
Solomon Islands,SLB,Pacific,2009,1554.71,68.4,33.68,4.35,518141.0,1.82,19.56,,,93.88,84.51,29.16
Solomon Islands,SLB,Pacific,2010,1685.15,68.67,33.2,4.34,532968.0,2.82,20.12,50.95,114.76,74.18,84.34,35.15
Solomon Islands,SLB,Pacific,2011,1924.06,68.82,32.96,4.34,552945.0,3.68,20.73,49.32,114.16,95.51,84.24,50.15
Solomon Islands,SLB,Pacific,2012,2066.26,68.96,32.73,4.33,573606.0,3.67,21.39,49.05,110.13,100.85,84.3,49.91
Solomon Islands,SLB,Pacific,2013,2161.39,69.01,32.49,4.32,594945.0,3.65,22.1,,110.31,99.0,84.27,45.93
Solomon Islands,SLB,Pacific,2014,2164.95,68.98,32.55,4.36,616908.0,3.63,22.86,,108.98,105.85,84.37,42.34
Solomon Islands,SLB,Pacific,2015,2045.48,69.32,31.9,4.29,639415.0,3.58,23.66,,108.54,91.09,84.43,40.36
Solomon Islands,SLB,Pacific,2016,2082.62,69.5,31.14,4.2,662379.0,3.53,24.5,,108.67,94.33,84.34,39.73
Solomon Islands,SLB,Pacific,2017,2143.58,69.65,30.08,4.06,685672.0,3.46,25.38,,106.57,89.29,84.32,38.68
Solomon Islands,SLB,Pacific,2018,2278.2,69.81,29.15,3.93,709101.0,3.36,26.29,,100.19,88.04,84.3,42.13
Solomon Islands,SLB,Pacific,2019,2223.66,69.98,28.41,3.8,728147.0,2.65,27.28,,98.21,98.67,84.31,36.5
Solomon Islands,SLB,Pacific,2020,2063.33,69.26,27.97,3.75,744498.0,2.22,28.03,,89.6,101.0,83.52,27.94
Solomon Islands,SLB,Pacific,2021,2043.44,68.89,27.7,3.69,762591.0,2.4,28.69,,,98.8,83.91,26.56
Solomon Islands,SLB,Pacific,2022,1877.78,70.41,27.28,3.62,781066.0,2.39,29.35,,,96.75,84.28,28.13
Solomon Islands,SLB,Pacific,2023,1882.64,70.53,26.94,3.56,800005.0,2.4,30.01,,80.25,111.36,84.28,36.26
Tonga,TON,Pacific,2005,2477.73,70.56,30.01,4.2,105671.0,0.57,23.15,,111.58,108.29,57.62,17.84
Tonga,TON,Pacific,2006,2750.35,70.71,29.52,4.14,106253.0,0.55,23.18,97.87,110.63,149.23,57.36,14.56
Tonga,TON,Pacific,2007,2797.07,70.89,29.04,4.09,106726.0,0.44,23.22,102.24,110.23,134.56,57.14,12.22
Tonga,TON,Pacific,2008,3218.45,71.04,28.72,4.01,107020.0,0.28,23.29,103.85,112.81,190.87,56.96,15.99
Tonga,TON,Pacific,2009,2914.24,70.95,28.4,3.95,107203.0,0.17,23.36,104.44,113.07,118.79,56.78,13.62
Tonga,TON,Pacific,2010,3416.08,71.32,28.01,3.88,107400.0,0.18,23.42,105.64,113.93,166.58,56.5,12.5
Tonga,TON,Pacific,2011,3849.99,71.44,27.66,3.83,107570.0,0.16,23.46,107.05,115.24,193.44,56.17,16.25
Tonga,TON,Pacific,2012,4384.17,71.55,27.28,3.77,107460.0,-0.1,23.46,94.51,117.42,318.42,55.89,17.06
Tonga,TON,Pacific,2013,4219.25,71.65,26.87,3.7,107078.0,-0.36,23.42,95.46,117.89,171.82,55.64,20.3
Tonga,TON,Pacific,2014,4136.59,71.72,26.39,3.62,106609.0,-0.44,23.34,96.77,117.46,210.86,55.36,16.93
Tonga,TON,Pacific,2015,4123.9,71.85,25.83,3.54,106095.0,-0.48,23.24,103.26,117.36,181.91,55.04,16.96
Tonga,TON,Pacific,2016,3987.99,71.95,25.23,3.46,105524.0,-0.54,23.13,,,208.54,54.69,24.51
Tonga,TON,Pacific,2017,4365.93,72.07,24.51,3.39,105356.0,-0.16,22.97,,,246.34,54.35,22.18
Tonga,TON,Pacific,2018,4675.05,72.17,24.14,3.33,105567.0,0.2,22.7,,116.09,278.5,54.0,21.21
Tonga,TON,Pacific,2019,4788.83,72.29,23.85,3.27,105669.0,0.1,22.33,96.09,113.31,266.69,53.47,22.23
Tonga,TON,Pacific,2020,4792.36,72.38,23.63,3.23,105704.0,0.03,21.88,90.46,112.25,262.55,52.39,19.71
Tonga,TON,Pacific,2021,4922.8,72.13,23.51,3.2,105490.0,-0.2,21.26,106.14,107.02,348.8,51.94,11.08
Tonga,TON,Pacific,2022,5298.02,72.64,23.35,3.17,105042.0,-0.43,21.15,97.0,106.54,382.79,51.38,10.76
Tonga,TON,Pacific,2023,5651.59,72.9,23.12,3.13,104597.0,-0.42,21.15,91.86,109.61,357.54,50.6,14.74
Tuvalu,TUV,Pacific,2005,2304.83,64.1,22.75,3.55,9940.0,1.26,49.42,,101.19,232.03,,
Tuvalu,TUV,Pacific,2006,2396.27,64.25,22.44,3.52,10056.0,1.16,50.52,,102.6,291.77,,
Tuvalu,TUV,Pacific,2007,2794.16,64.4,21.86,3.45,10182.0,1.25,51.67,,,292.23,,
Tuvalu,TUV,Pacific,2008,3088.31,64.52,21.68,3.42,10321.0,1.36,52.83,,,319.32,,
Tuvalu,TUV,Pacific,2009,2683.97,64.69,21.88,3.42,10461.0,1.35,53.97,,,349.2,,
Tuvalu,TUV,Pacific,2010,3024.82,64.83,22.18,3.44,10614.0,1.45,55.05,,,490.41,,
Tuvalu,TUV,Pacific,2011,3636.08,64.96,22.54,3.46,10780.0,1.55,56.04,,,536.1,,
Tuvalu,TUV,Pacific,2012,3598.46,65.08,22.89,3.47,10934.0,1.42,56.9,,,499.22,,
Tuvalu,TUV,Pacific,2013,3510.22,65.17,22.83,3.39,11001.0,0.61,57.63,,,484.59,,
Tuvalu,TUV,Pacific,2014,3528.86,65.28,22.98,3.33,10984.0,-0.15,58.3,79.64,103.58,512.64,,
Tuvalu,TUV,Pacific,2015,3357.83,65.36,23.34,3.31,10963.0,-0.19,58.91,87.63,105.27,451.35,,
Tuvalu,TUV,Pacific,2016,3808.7,65.51,23.76,3.3,10930.0,-0.3,59.47,77.93,100.0,698.0,,
Tuvalu,TUV,Pacific,2017,4165.66,65.68,24.28,3.3,10869.0,-0.56,59.95,,,1017.5,,
Tuvalu,TUV,Pacific,2018,4466.12,65.87,24.93,3.33,10751.0,-1.09,60.56,78.74,94.98,819.41,,
Tuvalu,TUV,Pacific,2019,5115.13,66.11,24.87,3.33,10581.0,-1.59,61.24,80.22,96.49,1138.83,,
Tuvalu,TUV,Pacific,2020,4976.11,66.36,24.63,3.31,10399.0,-1.74,61.92,77.08,102.03,899.59,,
Tuvalu,TUV,Pacific,2021,5905.08,65.82,24.35,3.28,10194.0,-1.99,62.61,88.88,113.29,1122.4,,
Tuvalu,TUV,Pacific,2022,5911.33,66.85,24.08,3.24,9992.0,-2.0,63.31,92.09,110.6,1300.47,,
Tuvalu,TUV,Pacific,2023,6344.78,67.1,23.08,3.21,9816.0,-1.78,64.01,93.28,108.91,1723.57,,
Vanuatu,VUT,Pacific,2005,1873.99,69.17,31.24,4.13,210760.0,2.42,23.0,,117.43,61.93,77.0,45.38
Vanuatu,VUT,Pacific,2006,2034.79,69.13,31.37,4.1,215923.0,2.42,23.29,,112.99,67.6,76.87,41.27
Vanuatu,VUT,Pacific,2007,2333.71,69.14,31.85,4.12,221276.0,2.45,23.6,,114.88,72.53,74.05,41.59
Vanuatu,VUT,Pacific,2008,2603.61,69.3,32.49,4.16,226896.0,2.51,23.93,,116.42,81.72,71.02,46.48
Vanuatu,VUT,Pacific,2009,2546.38,69.42,32.78,4.16,232731.0,2.54,24.29,,115.38,82.8,67.79,50.56
Vanuatu,VUT,Pacific,2010,2815.19,69.57,32.95,4.13,238248.0,2.34,24.74,55.24,122.73,99.27,64.39,48.72
Vanuatu,VUT,Pacific,2011,3163.19,69.73,33.09,4.09,243474.0,2.17,24.79,,,113.8,63.76,45.61
Vanuatu,VUT,Pacific,2012,3004.78,69.9,33.17,4.06,248883.0,2.2,24.82,,,118.28,63.13,51.31
Vanuatu,VUT,Pacific,2013,2979.8,69.99,33.24,4.04,254482.0,2.22,24.84,,123.93,130.88,62.49,51.68
Vanuatu,VUT,Pacific,2014,2973.09,70.04,33.08,4.0,260240.0,2.24,24.85,,,108.23,61.85,51.33
Vanuatu,VUT,Pacific,2015,2854.89,70.16,32.79,3.95,266101.0,2.23,24.86,57.25,121.88,118.72,61.21,44.29
Vanuatu,VUT,Pacific,2016,2956.13,70.4,32.51,3.92,272087.0,2.22,24.87,,,88.36,60.56,47.44
Vanuatu,VUT,Pacific,2017,3159.86,70.5,32.08,3.88,278507.0,2.33,24.76,,,91.04,59.91,47.66
Vanuatu,VUT,Pacific,2018,3206.66,70.63,31.43,3.83,285259.0,2.4,24.27,,,110.32,59.25,56.61
Vanuatu,VUT,Pacific,2019,3207.45,70.78,30.72,3.79,291985.0,2.33,23.5,,125.51,112.14,58.6,50.35
Vanuatu,VUT,Pacific,2020,3042.99,70.39,29.94,3.74,298858.0,2.33,22.42,59.17,125.12,125.41,58.04,18.47
Vanuatu,VUT,Pacific,2021,3107.2,69.95,29.33,3.7,305868.0,2.32,22.25,62.94,122.87,142.57,58.28,9.55
Vanuatu,VUT,Pacific,2022,3370.21,71.3,28.67,3.65,313046.0,2.32,22.25,81.96,118.37,136.8,58.42,9.43
Vanuatu,VUT,Pacific,2023,3482.61,71.48,28.05,3.6,320409.0,2.32,22.27,134.67,113.17,143.44,58.4,
Brunei,BRN,Southeast Asia,2005,29386.27,74.68,16.71,2.02,358916.0,1.69,73.55,93.69,119.84,657.32,67.79,58.57
Brunei,BRN,Southeast Asia,2006,34674.8,74.75,16.26,1.97,364663.0,1.59,74.01,97.56,121.51,664.74,67.57,60.16
Brunei,BRN,Southeast Asia,2007,36217.33,74.79,15.94,1.93,370873.0,1.69,74.43,98.34,122.32,710.42,67.25,56.96
Brunei,BRN,Southeast Asia,2008,42156.57,74.81,16.02,1.92,377793.0,1.85,74.79,98.77,116.78,792.01,66.9,65.94
Brunei,BRN,Southeast Asia,2009,30946.47,74.81,16.24,1.92,384952.0,1.88,75.07,100.72,112.53,739.28,66.67,59.7
Brunei,BRN,Southeast Asia,2010,34937.56,74.82,16.58,1.94,392332.0,1.9,75.25,101.01,108.71,795.98,66.56,67.41
Brunei,BRN,Southeast Asia,2011,46382.83,74.83,16.97,1.96,399389.0,1.78,75.31,102.11,104.83,864.64,66.5,69.51
Brunei,BRN,Southeast Asia,2012,46968.6,74.84,17.1,1.97,405557.0,1.53,75.27,105.23,103.31,869.37,66.38,70.16
Brunei,BRN,Southeast Asia,2013,44003.06,74.85,16.91,1.98,411202.0,1.38,75.18,102.39,103.9,835.32,66.18,68.04
Brunei,BRN,Southeast Asia,2014,41026.51,74.86,16.63,1.97,416750.0,1.34,75.06,96.28,103.85,785.41,65.95,68.18
Brunei,BRN,Southeast Asia,2015,30625.13,74.88,16.24,1.95,422212.0,1.3,74.95,92.82,104.19,731.05,65.68,52.21
Brunei,BRN,Southeast Asia,2016,26663.3,74.9,15.78,1.92,427564.0,1.26,74.88,90.1,105.73,679.47,65.42,49.58
Brunei,BRN,Southeast Asia,2017,28024.38,74.94,15.33,1.88,432772.0,1.21,74.85,88.68,104.57,636.23,65.19,49.57
Brunei,BRN,Southeast Asia,2018,30988.12,74.99,14.92,1.85,437810.0,1.16,74.82,89.18,104.18,748.69,66.43,51.93
Brunei,BRN,Southeast Asia,2019,30426.57,75.05,14.57,1.82,442680.0,1.11,74.79,88.29,103.03,678.82,64.79,57.95
Brunei,BRN,Southeast Asia,2020,26834.36,75.11,14.28,1.8,447404.0,1.06,74.77,86.69,102.71,658.39,63.95,57.36
Brunei,BRN,Southeast Asia,2021,31006.96,74.87,14.06,1.78,451721.0,0.96,74.77,89.6,101.39,665.87,63.9,80.17
Brunei,BRN,Southeast Asia,2022,36632.93,72.92,13.85,1.76,455370.0,0.8,74.78,89.85,99.13,648.55,64.08,86.39
Brunei,BRN,Southeast Asia,2023,32890.55,75.33,13.59,1.75,458949.0,0.78,74.82,91.84,96.93,733.01,64.73,76.7
Cambodia,KHM,Southeast Asia,2005,525.8,64.11,26.1,3.24,13439202.0,1.46,19.09,,129.55,32.34,80.83,61.04
Cambodia,KHM,Southeast Asia,2006,612.25,64.89,26.13,3.18,13639028.0,1.48,19.23,39.14,128.4,32.84,81.03,64.67
Cambodia,KHM,Southeast Asia,2007,731.69,65.55,26.21,3.13,13841770.0,1.48,19.4,41.74,127.72,32.39,81.23,61.14
Cambodia,KHM,Southeast Asia,2008,866.28,66.15,25.88,3.05,14053479.0,1.52,19.66,44.25,124.07,48.62,78.94,61.78
Cambodia,KHM,Southeast Asia,2009,875.75,66.75,25.62,2.97,14276810.0,1.58,20.2,,123.78,55.25,82.02,46.21
Cambodia,KHM,Southeast Asia,2010,952.27,67.31,25.04,2.86,14500726.0,1.56,21.12,,123.36,53.59,84.75,50.23
Cambodia,KHM,Southeast Asia,2011,1088.98,67.87,24.63,2.78,14722584.0,1.52,22.38,,118.76,65.39,85.44,49.92
Cambodia,KHM,Southeast Asia,2012,1192.8,68.37,24.58,2.75,14945085.0,1.5,23.94,,115.42,68.9,82.99,53.29
Cambodia,KHM,Southeast Asia,2013,1305.66,68.76,24.56,2.74,15170208.0,1.5,25.76,,115.81,65.4,80.22,56.62
Cambodia,KHM,Southeast Asia,2014,1431.56,69.12,24.4,2.73,15396772.0,1.48,27.82,,108.94,63.1,80.29,56.63
Cambodia,KHM,Southeast Asia,2015,1547.32,69.4,24.22,2.73,15623251.0,1.46,30.07,,103.76,70.23,79.6,55.98
Cambodia,KHM,Southeast Asia,2016,1675.2,69.64,23.96,2.72,15852803.0,1.46,32.48,,101.73,75.23,81.74,56.43
Cambodia,KHM,Southeast Asia,2017,1826.35,69.84,23.66,2.72,16073372.0,1.38,35.01,48.94,100.7,77.97,81.41,56.3
Cambodia,KHM,Southeast Asia,2018,2036.67,69.99,23.37,2.72,16274522.0,1.24,37.64,50.2,99.67,91.59,81.91,55.47
Cambodia,KHM,Southeast Asia,2019,2225.88,70.13,22.99,2.72,16481304.0,1.26,39.58,49.73,100.48,112.59,82.42,55.45
Cambodia,KHM,Southeast Asia,2020,2081.74,70.06,22.41,2.7,16725474.0,1.47,39.83,51.82,107.02,106.8,82.24,59.92
Cambodia,KHM,Southeast Asia,2021,2167.4,69.3,21.9,2.66,16974305.0,1.48,40.11,54.28,105.28,137.39,79.51,72.36
Cambodia,KHM,Southeast Asia,2022,2325.03,70.53,21.28,2.62,17201724.0,1.33,40.37,55.13,106.33,103.9,82.34,72.21
Cambodia,KHM,Southeast Asia,2023,2429.75,70.67,20.75,2.58,17423880.0,1.28,40.63,56.79,107.04,114.56,82.35,66.89
Indonesia,IDN,Southeast Asia,2005,1238.21,67.53,21.02,2.45,230871650.0,1.28,46.24,61.64,109.02,34.1,64.4,34.07
Indonesia,IDN,Southeast Asia,2006,1558.32,67.66,20.94,2.46,233951652.0,1.33,47.0,64.64,107.67,44.4,64.21,31.03
Indonesia,IDN,Southeast Asia,2007,1823.22,67.91,20.97,2.48,237062337.0,1.32,47.74,71.85,110.42,56.0,66.23,29.44
Indonesia,IDN,Southeast Asia,2008,2124.55,68.08,20.51,2.44,240157903.0,1.3,48.46,70.17,109.33,59.24,66.37,29.81
Indonesia,IDN,Southeast Asia,2009,2218.49,68.27,20.38,2.44,243220028.0,1.27,49.17,74.5,110.99,62.4,66.05,24.16
Indonesia,IDN,Southeast Asia,2010,3065.68,68.36,20.36,2.46,246305322.0,1.26,49.85,75.65,113.01,85.56,66.58,24.3
Indonesia,IDN,Southeast Asia,2011,3579.46,68.63,20.61,2.52,249470032.0,1.28,50.48,78.13,114.68,107.01,66.91,26.33
Indonesia,IDN,Southeast Asia,2012,3632.27,68.86,20.41,2.51,252698525.0,1.29,51.16,80.09,115.2,105.85,67.42,24.59
Indonesia,IDN,Southeast Asia,2013,3566.6,69.06,19.64,2.44,255852467.0,1.24,51.83,81.89,111.66,102.34,66.76,23.92
Indonesia,IDN,Southeast Asia,2014,3441.07,69.29,19.09,2.39,258877399.0,1.18,52.5,83.56,109.66,102.0,66.62,23.67
Indonesia,IDN,Southeast Asia,2015,3288.22,69.52,18.57,2.35,261799249.0,1.12,53.17,87.84,107.98,96.16,66.58,21.16
Indonesia,IDN,Southeast Asia,2016,3521.47,69.73,18.14,2.31,264627418.0,1.07,53.81,87.82,105.92,106.4,66.31,19.09
Indonesia,IDN,Southeast Asia,2017,3798.88,69.95,17.54,2.25,267346658.0,1.02,54.45,90.95,104.38,110.33,66.69,20.18
Indonesia,IDN,Southeast Asia,2018,3860.95,70.08,17.15,2.22,269951846.0,0.97,55.1,92.81,103.3,110.72,67.65,21.0
Indonesia,IDN,Southeast Asia,2019,4106.95,70.35,16.91,2.2,272489381.0,0.94,55.74,94.95,101.26,118.22,68.24,18.59
Indonesia,IDN,Southeast Asia,2020,3853.7,68.82,16.67,2.19,274814866.0,0.85,56.28,96.93,100.95,131.82,67.4,17.33
Indonesia,IDN,Southeast Asia,2021,4287.17,67.45,16.42,2.17,276758053.0,0.7,56.88,97.84,100.31,158.9,65.87,21.42
Indonesia,IDN,Southeast Asia,2022,4730.83,70.92,16.2,2.15,278830529.0,0.75,57.49,97.82,98.7,127.44,67.02,24.5
Indonesia,IDN,Southeast Asia,2023,4876.31,71.15,15.94,2.13,281190067.0,0.84,58.12,96.0,98.16,131.78,67.9,21.75
Laos,LAO,Southeast Asia,2005,466.06,60.69,28.79,3.68,5869523.0,1.51,27.32,42.99,110.03,17.33,61.33,28.96
Laos,LAO,Southeast Asia,2006,579.39,61.07,28.36,3.56,5963200.0,1.58,28.04,42.23,110.82,19.23,61.19,38.16
Laos,LAO,Southeast Asia,2007,697.32,61.69,28.12,3.44,6056236.0,1.55,28.73,43.03,112.47,24.57,61.07,33.61
Laos,LAO,Southeast Asia,2008,885.75,62.25,27.88,3.33,6148969.0,1.52,29.4,44.13,114.98,26.75,60.94,33.15
Laos,LAO,Southeast Asia,2009,935.03,63.02,27.57,3.23,6241642.0,1.5,30.04,45.69,117.41,35.72,60.82,30.08
Laos,LAO,Southeast Asia,2010,1125.92,63.69,27.2,3.14,6334194.0,1.47,30.65,47.36,119.71,34.52,60.68,35.38
Laos,LAO,Southeast Asia,2011,1361.55,64.5,26.78,3.05,6426590.0,1.45,31.21,46.3,119.07,27.12,60.55,40.34
Laos,LAO,Southeast Asia,2012,1563.57,65.13,26.17,2.95,6518978.0,1.43,31.74,49.04,118.41,32.47,60.41,37.88
Laos,LAO,Southeast Asia,2013,1812.52,65.72,25.62,2.87,6611385.0,1.41,32.23,52.68,118.41,43.5,60.27,38.17
Laos,LAO,Southeast Asia,2014,1981.04,66.35,25.05,2.8,6703172.0,1.38,32.66,58.02,117.43,45.53,60.14,40.75
Laos,LAO,Southeast Asia,2015,2121.01,66.69,24.96,2.8,6801645.0,1.46,33.12,62.3,114.3,52.04,60.02,33.95
Laos,LAO,Southeast Asia,2016,2303.22,67.01,24.57,2.74,6908802.0,1.56,33.83,64.76,110.5,54.38,59.9,33.21
Laos,LAO,Southeast Asia,2017,2432.43,67.34,24.12,2.69,7018147.0,1.57,34.51,66.04,107.44,61.42,59.78,
Laos,LAO,Southeast Asia,2018,2545.11,67.59,23.6,2.63,7128045.0,1.55,35.21,66.15,104.28,57.17,60.99,
Laos,LAO,Southeast Asia,2019,2589.32,67.91,23.15,2.59,7237636.0,1.53,35.91,64.99,101.98,67.58,62.21,
Laos,LAO,Southeast Asia,2020,2583.78,68.34,22.62,2.54,7346533.0,1.49,36.62,62.45,100.28,51.97,62.91,
Laos,LAO,Southeast Asia,2021,2526.05,67.81,22.15,2.49,7453194.0,1.44,37.34,59.85,99.11,68.62,64.62,
Laos,LAO,Southeast Asia,2022,2046.4,68.72,21.69,2.46,7559007.0,1.41,38.07,56.88,95.7,41.35,66.0,
Laos,LAO,Southeast Asia,2023,2066.95,68.96,21.27,2.42,7664993.0,1.39,38.81,54.43,95.04,27.42,65.99,
Malaysia,MYS,Southeast Asia,2005,5555.58,74.37,17.94,2.39,25836071.0,2.27,67.02,76.25,97.13,162.18,60.27,112.9
Malaysia,MYS,Southeast Asia,2006,6158.41,74.7,17.4,2.31,26417909.0,2.23,67.92,75.8,97.84,200.55,60.46,112.19
Malaysia,MYS,Southeast Asia,2007,7168.93,74.96,17.09,2.25,26998389.0,2.17,68.76,74.25,98.36,230.56,60.68,106.17
Malaysia,MYS,Southeast Asia,2008,8371.82,75.15,17.36,2.26,27570059.0,2.1,69.54,74.84,98.7,263.68,60.96,99.5
Malaysia,MYS,Southeast Asia,2009,7191.43,75.27,17.29,2.22,28124778.0,1.99,70.25,75.02,98.79,245.64,61.27,91.42
Malaysia,MYS,Southeast Asia,2010,8899.35,75.38,16.91,2.14,28655776.0,1.87,70.86,77.21,98.87,285.64,61.6,86.93
Malaysia,MYS,Southeast Asia,2011,10217.11,75.49,17.19,2.15,29162039.0,1.75,71.42,77.59,98.86,343.46,61.94,85.26
Malaysia,MYS,Southeast Asia,2012,10600.57,75.55,17.0,2.12,29662831.0,1.7,71.97,81.24,98.7,371.76,62.95,79.3
Malaysia,MYS,Southeast Asia,2013,10713.64,75.46,16.76,2.07,30174265.0,1.71,72.49,80.94,98.91,381.69,63.96,75.63
Malaysia,MYS,Southeast Asia,2014,11013.31,75.34,16.72,2.06,30696137.0,1.71,72.98,83.28,97.16,414.44,64.96,73.79
Malaysia,MYS,Southeast Asia,2015,9648.68,75.29,16.34,2.01,31232798.0,1.73,73.44,81.51,95.63,368.77,65.18,69.45
Malaysia,MYS,Southeast Asia,2016,9476.53,75.37,15.79,1.94,31789685.0,1.77,73.86,79.83,96.22,350.71,65.09,66.78
Malaysia,MYS,Southeast Asia,2017,9862.55,75.54,15.33,1.89,32355644.0,1.76,74.24,78.89,96.26,366.37,65.2,70.01
Malaysia,MYS,Southeast Asia,2018,10901.8,75.73,14.81,1.84,32910967.0,1.7,74.56,74.49,95.78,409.85,65.57,68.55
Malaysia,MYS,Southeast Asia,2019,10920.19,75.9,14.23,1.78,33440596.0,1.6,74.84,75.32,94.33,419.33,65.87,65.28
Malaysia,MYS,Southeast Asia,2020,9957.53,76.06,13.39,1.68,33889558.0,1.33,75.05,73.25,93.18,406.52,65.47,61.58
Malaysia,MYS,Southeast Asia,2021,10903.1,73.92,12.38,1.56,34282399.0,1.15,75.51,74.96,92.58,476.94,65.62,70.63
Malaysia,MYS,Southeast Asia,2022,11754.57,75.44,12.39,1.55,34695493.0,1.2,75.97,78.83,89.79,458.22,66.22,76.81
Malaysia,MYS,Southeast Asia,2023,11386.04,76.66,12.41,1.55,35126298.0,1.23,76.44,79.45,91.5,450.34,66.18,68.68
Myanmar,MMR,Southeast Asia,2005,252.69,61.72,20.97,2.52,47438365.0,0.78,28.39,45.69,104.44,7.65,66.34,
Myanmar,MMR,Southeast Asia,2006,303.5,62.03,20.6,2.47,47785135.0,0.73,28.55,47.54,105.17,8.47,66.12,
Myanmar,MMR,Southeast Asia,2007,419.38,62.37,20.37,2.45,48125043.0,0.71,28.71,47.37,106.17,9.91,65.92,
Myanmar,MMR,Southeast Asia,2008,658.44,56.36,19.99,2.4,48390793.0,0.55,28.86,49.98,108.06,14.71,65.73,
Myanmar,MMR,Southeast Asia,2009,758.44,63.1,19.68,2.37,48660459.0,0.56,29.0,49.96,108.32,18.7,65.54,
Myanmar,MMR,Southeast Asia,2010,1010.53,63.48,19.36,2.34,49024382.0,0.75,29.14,50.87,109.49,20.23,65.37,
Myanmar,MMR,Southeast Asia,2011,1213.63,63.86,19.09,2.31,49419820.0,0.8,29.27,,,27.41,65.27,
Myanmar,MMR,Southeast Asia,2012,1202.67,64.25,18.82,2.28,49837446.0,0.84,29.4,,,37.26,65.14,
Myanmar,MMR,Southeast Asia,2013,1199.1,64.62,18.68,2.26,50262658.0,0.85,29.51,,,37.69,64.99,
Myanmar,MMR,Southeast Asia,2014,1293.0,64.99,18.55,2.25,50681634.0,0.83,29.62,57.12,115.45,54.28,64.84,
Myanmar,MMR,Southeast Asia,2015,1166.73,65.29,18.61,2.27,51089056.0,0.8,29.72,,,63.62,64.71,
Myanmar,MMR,Southeast Asia,2016,1229.2,65.64,18.56,2.27,51495696.0,0.79,29.81,67.76,119.92,59.68,63.38,
Myanmar,MMR,Southeast Asia,2017,1272.82,65.91,18.34,2.25,51894938.0,0.77,29.91,72.35,121.8,59.52,62.02,
Myanmar,MMR,Southeast Asia,2018,1298.21,66.23,18.05,2.23,52272247.0,0.72,29.99,77.02,120.21,60.83,62.36,
Myanmar,MMR,Southeast Asia,2019,1425.99,66.46,17.77,2.21,52640713.0,0.7,30.08,,,53.72,60.5,
Myanmar,MMR,Southeast Asia,2020,1490.22,66.61,17.46,2.18,53016522.0,0.71,30.16,,,66.02,60.15,
Myanmar,MMR,Southeast Asia,2021,1242.72,65.55,17.2,2.16,53387102.0,0.7,30.24,,,96.86,55.19,
Myanmar,MMR,Southeast Asia,2022,1158.05,66.51,16.91,2.13,53756787.0,0.69,30.31,,,57.97,55.22,
Myanmar,MMR,Southeast Asia,2023,1233.2,66.89,16.7,2.12,54133798.0,0.7,30.38,,,56.19,55.19,
Philippines,PHL,Southeast Asia,2005,1220.46,68.42,27.15,3.45,88015962.0,1.86,41.33,78.31,101.72,45.68,61.59,41.23
Philippines,PHL,Southeast Asia,2006,1426.15,68.17,27.42,3.47,89508986.0,1.68,41.83,76.96,100.09,53.87,61.42,41.25
Philippines,PHL,Southeast Asia,2007,1712.66,68.55,27.0,3.4,91075184.0,1.73,42.35,77.07,100.31,64.28,61.26,38.01
Philippines,PHL,Southeast Asia,2008,1959.29,68.64,27.12,3.4,92699095.0,1.77,43.15,78.01,101.47,75.69,61.06,33.36
Philippines,PHL,Southeast Asia,2009,1864.45,68.63,26.99,3.38,94384250.0,1.8,44.34,80.18,102.76,77.65,61.44,30.22
Philippines,PHL,Southeast Asia,2010,2162.91,68.88,26.56,3.32,96337125.0,2.05,45.52,,,89.35,61.43,32.87
Philippines,PHL,Southeast Asia,2011,2383.92,69.1,26.01,3.24,98248614.0,1.96,46.68,,,95.96,62.23,29.11
Philippines,PHL,Southeast Asia,2012,2614.62,69.24,25.22,3.14,100175512.0,1.94,47.92,,,109.21,61.73,27.47
Philippines,PHL,Southeast Asia,2013,2781.28,69.28,24.56,3.04,102076336.0,1.88,49.13,,,118.87,61.45,26.18
Philippines,PHL,Southeast Asia,2014,2866.84,69.31,23.4,2.89,103767130.0,1.64,50.24,81.56,104.63,106.16,62.17,27.35
Philippines,PHL,Southeast Asia,2015,2909.86,69.45,22.93,2.83,105312992.0,1.48,51.15,82.01,103.41,113.43,61.4,27.21
Philippines,PHL,Southeast Asia,2016,2985.2,69.49,21.76,2.68,106735719.0,1.34,51.91,82.78,101.72,118.06,61.59,26.67
Philippines,PHL,Southeast Asia,2017,3038.12,69.97,20.57,2.52,108119693.0,1.29,52.6,80.92,99.37,120.32,59.14,29.55
Philippines,PHL,Southeast Asia,2018,3168.51,69.76,19.42,2.38,109465287.0,1.24,53.21,79.36,94.55,125.28,58.98,30.21
Philippines,PHL,Southeast Asia,2019,3400.79,69.68,18.1,2.22,110804683.0,1.22,53.72,85.38,93.01,141.69,59.44,28.38
Philippines,PHL,Southeast Asia,2020,3227.58,70.1,17.02,2.08,112081264.0,1.15,54.11,87.94,93.28,166.61,54.75,25.2
Philippines,PHL,Southeast Asia,2021,3484.39,66.68,16.11,1.95,113100950.0,0.91,54.45,85.87,88.83,208.19,56.47,25.75
Philippines,PHL,Southeast Asia,2022,3548.07,69.47,16.06,1.93,113964338.0,0.76,54.79,92.29,90.61,182.93,61.44,28.39
Philippines,PHL,Southeast Asia,2023,3804.08,69.83,16.02,1.92,114891199.0,0.81,55.12,91.55,92.45,194.05,61.42,26.64
Singapore,SGP,Southeast Asia,2005,29961.32,79.99,10.2,1.26,4265762.0,2.35,100.0,,,908.38,65.2,225.16
Singapore,SGP,Southeast Asia,2006,33768.45,80.14,10.3,1.28,4401365.0,3.13,100.0,,,989.74,66.08,228.04
Singapore,SGP,Southeast Asia,2007,39432.89,80.44,10.3,1.29,4588599.0,4.17,100.0,,,1116.98,65.5,212.78
Singapore,SGP,Southeast Asia,2008,40008.57,80.79,10.2,1.28,4839396.0,5.32,100.0,,,1286.91,66.61,228.99
Singapore,SGP,Southeast Asia,2009,38926.81,81.24,9.9,1.22,4987573.0,3.02,100.0,,,1326.12,66.57,190.84
Singapore,SGP,Southeast Asia,2010,47236.68,81.54,9.3,1.15,5076732.0,1.77,100.0,,,1510.67,67.37,198.0
Singapore,SGP,Southeast Asia,2011,53891.46,81.74,9.5,1.2,5183688.0,2.08,100.0,,,1700.17,67.38,203.33
Singapore,SGP,Southeast Asia,2012,55547.56,82.0,10.1,1.29,5312437.0,2.45,100.0,,,1853.02,67.94,196.72
Singapore,SGP,Southeast Asia,2013,56967.43,82.25,9.3,1.19,5399162.0,1.62,100.0,,,2102.97,67.77,195.08
Singapore,SGP,Southeast Asia,2014,57564.8,82.5,9.8,1.25,5469724.0,1.3,100.0,,,2233.35,68.56,191.95
Singapore,SGP,Southeast Asia,2015,55645.61,82.74,9.7,1.24,5535002.0,1.19,100.0,,,2330.4,69.53,178.38
Singapore,SGP,Southeast Asia,2016,57005.59,82.85,9.4,1.2,5607283.0,1.3,100.0,107.75,100.77,2509.92,69.24,164.55
Singapore,SGP,Southeast Asia,2017,61236.25,83.1,8.9,1.16,5612253.0,0.09,100.0,107.47,100.63,2673.66,68.94,171.74
Singapore,SGP,Southeast Asia,2018,66881.61,83.3,8.8,1.14,5638676.0,0.47,100.0,105.75,100.26,2726.01,68.58,178.2
Singapore,SGP,Southeast Asia,2019,65952.04,83.6,8.8,1.14,5703569.0,1.14,100.0,104.62,100.69,2924.25,68.99,176.89
Singapore,SGP,Southeast Asia,2020,61410.08,83.54,8.5,1.1,5685807.0,-0.31,100.0,103.12,100.54,3541.36,68.71,181.78
Singapore,SGP,Southeast Asia,2021,80056.13,83.09,8.6,1.12,5453566.0,-4.17,100.0,102.95,99.87,4050.81,70.69,182.71
Singapore,SGP,Southeast Asia,2022,90299.07,82.9,7.9,1.04,5637022.0,3.31,100.0,103.01,99.58,3902.14,69.73,186.11
Singapore,SGP,Southeast Asia,2023,85412.23,82.9,7.4,0.97,5917648.0,4.86,100.0,103.08,100.25,3921.6,69.39,181.56
Thailand,THA,Southeast Asia,2005,2867.7,72.89,13.49,1.64,66017420.0,0.86,38.13,71.83,98.47,90.61,73.04,68.4
Thailand,THA,Southeast Asia,2006,3331.32,73.34,13.21,1.63,66567687.0,0.83,39.44,71.63,98.44,103.26,72.48,68.68
Thailand,THA,Southeast Asia,2007,3918.53,73.78,12.93,1.62,67102394.0,0.8,40.7,75.78,97.83,125.11,72.87,68.87
Thailand,THA,Southeast Asia,2008,4309.14,74.22,12.52,1.59,67619830.0,0.77,41.9,75.21,96.54,149.07,72.88,71.42
Thailand,THA,Southeast Asia,2009,4135.44,74.67,12.19,1.56,68121080.0,0.74,43.0,76.6,93.52,149.68,72.83,64.44
Thailand,THA,Southeast Asia,2010,4973.86,75.01,12.01,1.56,68579447.0,0.67,44.0,78.39,89.25,168.62,71.66,66.49
Thailand,THA,Southeast Asia,2011,5373.62,75.3,11.94,1.57,69007208.0,0.62,44.8,86.99,95.65,191.74,73.23,70.85
Thailand,THA,Southeast Asia,2012,5725.53,75.59,11.76,1.56,69436098.0,0.62,45.37,85.54,96.5,201.71,72.82,68.95
Thailand,THA,Southeast Asia,2013,6018.08,75.96,11.37,1.53,69845114.0,0.59,45.83,83.85,97.18,207.81,69.97,67.17
Thailand,THA,Southeast Asia,2014,5801.2,76.28,10.95,1.48,70216367.0,0.53,46.31,123.53,103.48,213.74,69.79,68.39
Thailand,THA,Southeast Asia,2015,5688.85,76.56,10.59,1.45,70540795.0,0.46,46.95,124.33,103.33,219.15,69.27,67.64
Thailand,THA,Southeast Asia,2016,5833.58,76.77,10.11,1.4,70859841.0,0.45,47.88,122.56,104.94,229.78,68.32,67.07
Thailand,THA,Southeast Asia,2017,6413.09,76.99,9.76,1.36,71160187.0,0.42,49.23,79.51,101.86,247.08,67.53,66.67
Thailand,THA,Southeast Asia,2018,7099.78,77.19,9.4,1.32,71376079.0,0.3,54.58,80.6,102.01,274.71,67.8,64.84
Thailand,THA,Southeast Asia,2019,7605.7,77.2,9.06,1.28,71522271.0,0.2,55.93,81.72,103.01,288.31,66.94,59.52
Thailand,THA,Southeast Asia,2020,6985.64,77.33,8.79,1.26,71641484.0,0.17,57.24,82.37,103.86,304.38,67.02,51.49
Thailand,THA,Southeast Asia,2021,7057.21,77.61,8.54,1.23,71727332.0,0.12,58.51,84.66,103.62,363.73,66.95,58.56
Thailand,THA,Southeast Asia,2022,6909.35,75.29,8.38,1.22,71735329.0,0.01,59.74,88.07,104.83,369.98,67.18,65.37
Thailand,THA,Southeast Asia,2023,7195.1,76.41,8.24,1.21,71702435.0,-0.05,60.93,93.34,102.57,326.5,67.81,65.44
Timor Leste,TLS,Southeast Asia,2005,487.46,61.27,36.24,5.61,948311.0,2.05,26.31,59.47,121.39,25.73,69.45,7.14
Timor Leste,TLS,Southeast Asia,2006,464.67,61.88,35.06,5.47,976597.0,2.94,27.12,,,27.9,69.68,9.23
Timor Leste,TLS,Southeast Asia,2007,540.15,62.4,34.05,5.33,1004889.0,2.86,28.0,,,30.52,69.22,10.0
Timor Leste,TLS,Southeast Asia,2008,628.15,62.86,33.1,5.17,1032429.0,2.7,28.81,57.06,123.96,43.72,68.67,9.35
Timor Leste,TLS,Southeast Asia,2009,686.58,63.26,32.25,4.99,1058782.0,2.52,29.4,67.09,125.9,50.19,68.13,9.17
Timor Leste,TLS,Southeast Asia,2010,813.06,63.66,31.49,4.82,1084679.0,2.42,29.64,68.3,128.03,52.62,67.65,8.56
Timor Leste,TLS,Southeast Asia,2011,939.05,64.02,30.68,4.61,1110207.0,2.33,29.63,70.16,130.8,64.44,67.41,6.41
Timor Leste,TLS,Southeast Asia,2012,1022.62,64.38,29.79,4.4,1134885.0,2.2,29.61,70.03,129.97,71.47,67.26,7.12
Timor Leste,TLS,Southeast Asia,2013,1204.57,64.72,28.96,4.21,1158695.0,2.08,29.58,67.83,128.88,102.8,67.16,5.58
Timor Leste,TLS,Southeast Asia,2014,1224.75,65.03,28.06,4.0,1181903.0,1.98,29.55,69.37,127.79,93.11,66.98,4.57
Timor Leste,TLS,Southeast Asia,2015,1319.59,65.33,27.06,3.78,1205131.0,1.95,29.5,72.98,126.65,101.48,66.88,3.05
Timor Leste,TLS,Southeast Asia,2016,1335.54,65.61,26.15,3.58,1228312.0,1.91,29.45,77.39,123.32,92.69,66.82,3.16
Timor Leste,TLS,Southeast Asia,2017,1266.18,65.9,25.25,3.4,1251703.0,1.89,29.36,81.17,117.55,86.16,67.06,2.41
Timor Leste,TLS,Southeast Asia,2018,1219.47,66.2,24.48,3.24,1275959.0,1.92,29.25,83.1,113.61,78.07,67.2,2.93
Timor Leste,TLS,Southeast Asia,2019,1562.36,66.5,23.86,3.12,1300945.0,1.94,29.11,85.12,111.54,78.01,66.51,21.21
Timor Leste,TLS,Southeast Asia,2020,1630.87,66.92,23.35,3.01,1326053.0,1.91,28.96,84.74,110.61,118.49,65.92,36.67
Timor Leste,TLS,Southeast Asia,2021,2684.93,66.2,22.73,2.89,1350139.0,1.8,28.79,,123.58,132.08,66.47,63.51
Timor Leste,TLS,Southeast Asia,2022,2343.25,67.37,22.42,2.8,1369295.0,1.41,28.59,,119.04,174.92,66.56,55.61
Timor Leste,TLS,Southeast Asia,2023,1502.41,67.69,22.08,2.71,1384286.0,1.09,28.6,,119.65,144.21,66.58,22.92
Vietnam,VNM,Southeast Asia,2005,710.75,73.2,17.37,1.89,81088313.0,0.93,27.43,,104.9,38.97,74.25,63.7
Vietnam,VNM,Southeast Asia,2006,807.76,73.29,17.25,1.87,82167897.0,1.32,28.05,,103.91,46.87,74.6,67.72
Vietnam,VNM,Southeast Asia,2007,925.64,73.39,17.54,1.91,83633375.0,1.77,28.65,,102.28,54.41,75.03,70.52
Vietnam,VNM,Southeast Asia,2008,1163.83,73.46,17.66,1.93,85175788.0,1.83,29.22,,100.98,64.43,75.59,70.34
Vietnam,VNM,Southeast Asia,2009,1226.17,73.53,17.53,1.92,86460018.0,1.5,29.76,,100.06,69.83,76.04,62.61
Vietnam,VNM,Southeast Asia,2010,1683.16,73.61,17.41,1.91,87455152.0,1.14,30.25,,100.92,85.36,76.27,54.18
Vietnam,VNM,Southeast Asia,2011,1950.93,73.71,17.59,1.93,88468314.0,1.15,30.7,,101.38,97.05,76.37,61.18
Vietnam,VNM,Southeast Asia,2012,2185.12,73.76,17.89,1.97,89510356.0,1.17,31.12,,102.05,109.29,76.32,63.47
Vietnam,VNM,Southeast Asia,2013,2359.52,73.82,17.89,1.98,90573104.0,1.18,31.53,,102.26,104.11,77.23,66.8
Vietnam,VNM,Southeast Asia,2014,2546.38,73.89,18.67,2.09,91679578.0,1.21,31.95,,103.08,119.45,77.31,69.6
Vietnam,VNM,Southeast Asia,2015,2577.57,73.96,18.5,2.1,92823254.0,1.24,32.38,89.45,103.28,121.44,77.43,72.92
Vietnam,VNM,Southeast Asia,2016,2735.06,73.98,17.31,2.0,94000117.0,1.26,32.85,90.16,105.95,133.2,76.96,74.11
Vietnam,VNM,Southeast Asia,2017,2956.11,74.03,16.76,1.98,95176977.0,1.24,33.36,91.07,104.44,147.51,77.2,81.76
Vietnam,VNM,Southeast Asia,2018,3222.31,74.1,15.44,1.88,96237319.0,1.11,33.94,92.84,104.19,161.98,77.48,84.42
Vietnam,VNM,Southeast Asia,2019,3440.9,74.21,15.51,1.94,97173776.0,0.97,34.62,94.65,103.34,171.15,76.61,85.16
Vietnam,VNM,Southeast Asia,2020,3534.04,75.38,15.23,1.96,98079191.0,0.93,35.57,93.19,102.85,153.1,74.37,84.38
Vietnam,VNM,Southeast Asia,2021,3704.19,74.14,14.74,1.94,98935098.0,0.87,36.65,92.77,103.39,168.09,73.74,93.85
Vietnam,VNM,Southeast Asia,2022,4147.7,74.5,14.27,1.93,99680655.0,0.75,37.55,93.41,104.13,188.23,74.48,93.42
Vietnam,VNM,Southeast Asia,2023,4323.35,74.59,13.83,1.91,100352192.0,0.67,38.13,,105.17,197.19,73.54,86.47
