Country Name,Country Code,Series Name,Series Code,2005 [YR2005],2006 [YR2006],2007 [YR2007],2008 [YR2008],2009 [YR2009],2010 [YR2010],2011 [YR2011],2012 [YR2012],2013 [YR2013],2014 [YR2014],2015 [YR2015],2016 [YR2016],2017 [YR2017],2018 [YR2018],2019 [YR2019],2020 [YR2020],2021 [YR2021],2022 [YR2022],2023 [YR2023],2024 [YR2024]
American Samoa,ASM,GDP per capita (current US$),NY.GDP.PCAP.CD,8831.26976,8745.166211,9231.372409,10030.80891,12156.02939,10375.17201,10383.45933,11745.48992,11813.5022,12026.33449,12727.41027,12843.33429,11863.68395,12552.05469,12886.13595,14489.25866,15236.16049,18017.45894,..,..
American Samoa,ASM,"Life expectancy at birth, total (years)",SP.DYN.LE00.IN,72.382,72.397,72.365,72.43,70.839,72.587,72.662,72.709,72.769,72.687,72.654,72.64,72.801,72.794,72.751,72.672,72.708,72.752,72.852,..
American Samoa,ASM,"Birth rate, crude (per 1,000 people)",SP.DYN.CBRT.IN,27.578,26.017,24.482,23.625,22.976,22.361,21.784,21.266,20.73,20.317,19.821,19.141,18.206,17.204,16.304,15.658,15.649,15.522,15.388,..
American Samoa,ASM,"Fertility rate, total (births per woman)",SP.DYN.TFRT.IN,3.863,3.685,3.509,3.42,3.359,3.292,3.169,3.043,2.932,2.852,2.78,2.699,2.598,2.494,2.404,2.36,2.327,2.305,2.286,..
American Samoa,ASM,"Population, total",SP.POP.TOTL,56617,56374,56113,55828,55528,55228,54895,54489,54006,53466,52878,52245,51586,50908,50209,49761,49225,48342,47521,46765
American Samoa,ASM,Population growth (annual %),SP.POP.GROW,-0.354388346,-0.430123416,-0.464054457,-0.509197909,-0.538813761,-0.541732698,-0.604780137,-0.742342325,-0.890369493,-1.004921364,-1.105856451,-1.204318086,-1.269387464,-1.323023571,-1.382578863,-0.89627488,-1.082992017,-1.81008765,-1.712902942,-1.603665872
Australia,AUS,GDP per capita (current US$),NY.GDP.PCAP.CD,34535.20727,36658.82435,41128.24766,49811.20672,42954.84949,52313.8939,62799.3895,68301.44025,68476.67885,62817.20618,56970.3613,50084.44406,54117.54772,57410.17373,55194.75851,51983.45237,60758.90444,65169.51911,65058.37731,64603.98563
Australia,AUS,"Life expectancy at birth, total (years)",SP.DYN.LE00.IN,80.84146341,81.04146341,81.29268293,81.39512195,81.54390244,81.69512195,81.89512195,82.04634146,82.14878049,82.3,82.4,82.44878049,82.5,82.74878049,82.9,83.2,83.3,83.2,83.05121951,..
Australia,AUS,"Birth rate, crude (per 1,000 people)",SP.DYN.CBRT.IN,12.8,12.9,14.1,14,13.9,13.7,13.6,13.7,13.3,13.2,12.9,12.9,12.6,12.6,12.1,11.5,12.1,11.6,10.8,..
Australia,AUS,"Fertility rate, total (births per woman)",SP.DYN.TFRT.IN,1.807,1.908,1.959,1.984,1.971,1.928,1.926,1.92,1.855,1.826,1.814,1.752,1.741,1.74,1.657,1.581,1.7,1.63,1.5,..
Australia,AUS,"Population, total",SP.POP.TOTL,20176844,20450966,20827622,21249199,21691653,22031750,22340024,22733465,23128129,23475686,23815995,24190907,24592588,24963258,25334826,25649248,25685412,26018721,26659922,27196812
Australia,AUS,Population growth (annual %),SP.POP.GROW,1.217290731,1.349450831,1.824996795,2.003911405,2.060833163,1.555706262,1.389527316,1.745820001,1.72115144,1.491566489,1.439216653,1.561940498,1.646827797,1.49599671,1.477490711,1.233428251,0.140895083,1.28931131,2.434507164,1.993837154
Brunei Darussalam,BRN,GDP per capita (current US$),NY.GDP.PCAP.CD,29386.27038,34674.79952,36217.32907,42156.56858,30946.46738,34937.55554,46382.82743,46968.59712,44003.06443,41026.50842,30625.12877,26663.2973,28024.38246,30988.11903,30426.57307,26834.35922,31006.96363,36632.9281,32890.54918,33153.47389
Brunei Darussalam,BRN,"Life expectancy at birth, total (years)",SP.DYN.LE00.IN,74.683,74.753,74.793,74.814,74.814,74.82,74.835,74.843,74.854,74.862,74.88,74.905,74.943,74.992,75.049,75.114,74.869,72.917,75.327,..
Brunei Darussalam,BRN,"Birth rate, crude (per 1,000 people)",SP.DYN.CBRT.IN,16.713,16.262,15.943,16.015,16.241,16.577,16.966,17.096,16.913,16.627,16.239,15.785,15.334,14.924,14.572,14.284,14.06,13.847,13.59,..
Brunei Darussalam,BRN,"Fertility rate, total (births per woman)",SP.DYN.TFRT.IN,2.024,1.969,1.933,1.918,1.921,1.937,1.957,1.973,1.978,1.969,1.947,1.915,1.881,1.848,1.819,1.796,1.778,1.764,1.747,..
Brunei Darussalam,BRN,"Population, total",SP.POP.TOTL,358916,364663,370873,377793,384952,392332,399389,405557,411202,416750,422212,427564,432772,437810,442680,447404,451721,455370,458949,462721
Brunei Darussalam,BRN,Population growth (annual %),SP.POP.GROW,1.687247732,1.58852616,1.688604653,1.848674063,1.877222462,1.898976893,1.782745917,1.532555159,1.382314706,1.340194369,1.302103593,1.259642722,1.210704566,1.157399588,1.106213509,1.061482816,0.960274305,0.804554269,0.782881747,0.818518789
Cambodia,KHM,GDP per capita (current US$),NY.GDP.PCAP.CD,525.7973251,612.2526486,731.6922951,866.2839998,875.7489362,952.2746163,1088.981528,1192.80263,1305.660097,1431.563965,1547.320104,1675.195557,1826.353917,2036.673776,2225.877055,2081.739142,2167.403242,2325.0305,2429.748535,2627.879698
Cambodia,KHM,"Life expectancy at birth, total (years)",SP.DYN.LE00.IN,64.113,64.886,65.549,66.147,66.747,67.311,67.869,68.371,68.755,69.117,69.398,69.635,69.842,69.993,70.127,70.059,69.301,70.528,70.668,..
Cambodia,KHM,"Birth rate, crude (per 1,000 people)",SP.DYN.CBRT.IN,26.104,26.127,26.209,25.88,25.625,25.036,24.631,24.578,24.56,24.403,24.218,23.956,23.655,23.372,22.988,22.409,21.905,21.279,20.752,..
Cambodia,KHM,"Fertility rate, total (births per woman)",SP.DYN.TFRT.IN,3.238,3.175,3.13,3.048,2.971,2.859,2.782,2.751,2.742,2.734,2.729,2.725,2.719,2.724,2.725,2.699,2.664,2.616,2.579,..
Cambodia,KHM,"Population, total",SP.POP.TOTL,13439202,13639028,13841770,14053479,14276810,14500726,14722584,14945085,15170208,15396772,15623251,15852803,16073372,16274522,16481304,16725474,16974305,17201724,17423880,17638801
Cambodia,KHM,Population growth (annual %),SP.POP.GROW,1.457614537,1.475943055,1.475544331,1.51791486,1.576656181,1.556217454,1.518392423,1.499984187,1.49510213,1.482437252,1.46023763,1.458607676,1.381765961,1.243682774,1.26258301,1.470629886,1.476778362,1.330888131,1.283206776,1.225939863
China,CHN,GDP per capita (current US$),NY.GDP.PCAP.CD,1777.644968,2129.25697,2734.727099,3523.443021,3898.244592,4629.245517,5703.76028,6405.057424,7147.035186,7781.065975,8175.332851,8254.868593,8979.676527,10085.66381,10342.90095,10627.4638,12887.43572,12970.60564,12951.17824,13303.14815
China,CHN,"Life expectancy at birth, total (years)",SP.DYN.LE00.IN,74.085,74.404,74.789,74.833,75.317,75.668,75.889,76.2,76.452,76.714,76.975,77.214,77.235,77.709,77.94,78.019,78.117,78.202,77.953,..
China,CHN,"Birth rate, crude (per 1,000 people)",SP.DYN.CBRT.IN,12.4,12.09,12.1,12.14,11.95,11.9,13.27,14.57,13.03,13.83,11.99,13.57,12.64,10.86,10.41,8.52,7.52,6.77,6.39,..
China,CHN,"Fertility rate, total (births per woman)",SP.DYN.TFRT.IN,1.624,1.644,1.666,1.701,1.714,1.687,1.668,1.798,1.714,1.769,1.67,1.772,1.795,1.539,1.496,1.236,1.117,1.034,0.999,..
China,CHN,"Population, total",SP.POP.TOTL,1303720000,1311020000,1317885000,1324655000,1331260000,1337705000,1345035000,1354190000,1363240000,1371860000,1379860000,1387790000,1396215000,1402760000,1407745000,1411100000,1412360000,1412175000,1410710000,1408975000
China,CHN,Population growth (annual %),SP.POP.GROW,0.58812499,0.558374367,0.522271866,0.512386932,0.497381401,0.482959689,0.546457595,0.678345459,0.666072978,0.63032639,0.581456147,0.573050906,0.605245013,0.467672053,0.35474089,0.23804087,0.0892522,-0.013099501,-0.103794532,-0.123063407
Fiji,FJI,GDP per capita (current US$),NY.GDP.PCAP.CD,3377.69127,3455.105999,3762.746928,3899.922315,3164.132754,3449.144529,4139.602886,4341.403387,4572.443775,5293.356767,5097.531069,5363.790267,5826.848145,6085.419795,5842.073446,4620.645724,4536.733121,5414.120921,5926.205864,6425.741517
Fiji,FJI,"Life expectancy at birth, total (years)",SP.DYN.LE00.IN,65.983,66.126,66.161,66.32,66.347,66.778,66.88,65.812,66.545,66.581,66.48,66.657,67.06,66.965,67.009,66.924,64.904,67.148,67.316,..
Fiji,FJI,"Birth rate, crude (per 1,000 people)",SP.DYN.CBRT.IN,24.003,23.964,23.716,23.293,22.839,22.328,21.76,21.583,21.495,21.291,20.998,20.55,20.029,19.601,19.226,18.828,18.55,18.242,17.996,..
Fiji,FJI,"Fertility rate, total (births per woman)",SP.DYN.TFRT.IN,2.917,2.905,2.872,2.819,2.76,2.696,2.631,2.612,2.604,2.591,2.567,2.518,2.461,2.419,2.385,2.357,2.332,2.305,2.281,..
Fiji,FJI,"Population, total",SP.POP.TOTL,882379,890365,897832,903399,907239,910419,912989,914918,916352,917585,918578,919166,918759,917180,914899,914963,916711,919422,924145,928784
Fiji,FJI,Population growth (annual %),SP.POP.GROW,0.912261663,0.900982209,0.835147738,0.61813479,0.424160518,0.349901163,0.281889923,0.211061144,0.156612656,0.134464836,0.108160343,0.063991505,-0.044289077,-0.172010115,-0.249006858,0.006995063,0.190863716,0.295294728,0.5123774,0.500721797
French Polynesia,PYF,GDP per capita (current US$),NY.GDP.PCAP.CD,21984.19362,22330.86767,24888.17813,26592.02628,24434.21976,22494.80671,22831.51853,20846.54575,21955.63293,22258.63214,19166.95948,19690.07757,20826.93125,21925.61604,21582.5892,19966.48385,21426.38544,20053.95694,21832.28318,22439.88387
French Polynesia,PYF,"Life expectancy at birth, total (years)",SP.DYN.LE00.IN,79.951,80.1,80.328,80.587,80.867,81.141,81.434,81.695,81.935,82.151,82.339,82.555,82.774,82.985,83.195,82.459,79.571,83.859,84.07,..
French Polynesia,PYF,"Birth rate, crude (per 1,000 people)",SP.DYN.CBRT.IN,17.925,18.184,17.391,18.028,17.662,17.823,16.92,16.532,15.713,15.799,15.001,13.999,13.146,12.812,11.938,11.782,11.424,11.156,10.907,..
French Polynesia,PYF,"Fertility rate, total (births per woman)",SP.DYN.TFRT.IN,2.181,2.217,2.122,2.195,2.148,2.165,2.061,2.026,1.937,1.957,1.872,1.763,1.669,1.645,1.567,1.57,1.532,1.515,1.501,..
French Polynesia,PYF,"Population, total",SP.POP.TOTL,259507,263223,266438,268379,269481,270580,271727,273084,274728,276387,277866,279178,280087,279815,279034,279209,279792,280378,281118,281807
French Polynesia,PYF,Population growth (annual %),SP.POP.GROW,1.49587094,1.421790446,1.213998948,0.725858947,0.409772633,0.406991624,0.423008263,0.498155436,0.600207712,0.602054022,0.533692559,0.471058813,0.325069797,-0.097159868,-0.279503232,0.062696713,0.208586465,0.209222277,0.263581728,0.244792945
Guam,GUM,GDP per capita (current US$),NY.GDP.PCAP.CD,25631.97761,25709.93515,26605.43242,28112.23166,29054.05812,29719.79678,29926.20524,31653.75065,32530.75931,33900.14865,35165.70146,35930.65949,36779.00789,37195.95031,39274.94314,36482.9364,38074.87937,41833.15171,..,..
Guam,GUM,"Life expectancy at birth, total (years)",SP.DYN.LE00.IN,76.427,76.477,76.397,76.233,76.141,76.095,76.153,76.237,76.361,76.423,76.444,76.449,76.463,76.561,76.645,75.529,75.434,77.102,77.209,..
Guam,GUM,"Birth rate, crude (per 1,000 people)",SP.DYN.CBRT.IN,19.442,20.461,20.961,20.771,20.497,20.939,20.152,21.7,19.939,20.228,19.936,21.377,20.622,19.818,19.256,18.613,18.296,18.008,17.662,..
Guam,GUM,"Fertility rate, total (births per woman)",SP.DYN.TFRT.IN,2.638,2.807,2.905,2.905,2.891,2.973,2.876,3.117,2.883,2.946,2.933,3.171,3.088,2.995,2.938,2.895,2.856,2.819,2.781,..
Guam,GUM,"Population, total",SP.POP.TOTL,164365,164839,165267,165693,166173,166522,166543,166331,165966,165486,164905,164233,163490,162679,161808,162158,163730,165180,166506,167777
Guam,GUM,Population growth (annual %),SP.POP.GROW,0.338234496,0.287967538,0.259310791,0.257433065,0.289273583,0.209801847,0.012610151,-0.127375541,-0.219683083,-0.289634901,-0.351704858,-0.408339927,-0.453432486,-0.49728924,-0.536848682,0.216072141,0.964756108,0.881705873,0.799555642,0.760437189
"Hong Kong SAR, China",HKG,GDP per capita (current US$),NY.GDP.PCAP.CD,26649.63772,28224.09516,30593.95117,31515.52921,30697.53839,32550.13649,35142.48793,36730.7962,38403.77771,40315.37395,42432.16197,43734.19807,46160.42979,48537.56689,48359.0012,46109.22999,49770.56424,48825.84419,50562.36331,54074.69285
"Hong Kong SAR, China",HKG,"Life expectancy at birth, total (years)",SP.DYN.LE00.IN,81.60902439,82.38487805,82.36682927,82.3404878,82.77512195,82.95756098,83.41195122,83.4502439,83.83121951,83.93560976,84.25268293,84.21146341,84.69560976,84.8697561,85.15585366,85.49634146,85.53268293,83.66097561,85.24731707,..
"Hong Kong SAR, China",HKG,"Birth rate, crude (per 1,000 people)",SP.DYN.CBRT.IN,8.4,9.6,10.2,11.3,11.8,12.6,13.5,12.8,8,8.6,8.2,8.3,7.6,7.2,7,5.8,5,4.4,4.4,..
"Hong Kong SAR, China",HKG,"Fertility rate, total (births per woman)",SP.DYN.TFRT.IN,0.959,0.984,1.028,1.064,1.055,1.127,1.204,1.285,1.125,1.235,1.196,1.205,1.128,1.08,1.064,0.883,0.772,0.701,0.751,..
"Hong Kong SAR, China",HKG,"Population, total",SP.POP.TOTL,6813200,6857100,6916300,6957800,6972800,7024200,7071600,7150100,7178900,7229500,7291300,7336600,7393200,7452600,7507900,7481000,7413100,7346100,7536100,7524100
"Hong Kong SAR, China",HKG,Population growth (annual %),SP.POP.GROW,0.436871406,0.642270483,0.859633272,0.598238787,0.215353334,0.734446396,0.672543292,1.103957997,0.401982536,0.702370951,0.851197911,0.619366345,0.768513878,0.800230597,0.739283471,-0.358932662,-0.911776749,-0.907914524,2.553524667,-0.159360467
Indonesia,IDN,GDP per capita (current US$),NY.GDP.PCAP.CD,1238.214476,1558.315628,1823.219763,2124.554839,2218.485419,3065.683484,3579.464425,3632.27254,3566.602845,3441.068085,3288.222697,3521.469435,3798.883262,3860.953531,4106.948562,3853.702888,4287.17314,4730.834848,4876.307745,4925.430488
Indonesia,IDN,"Life expectancy at birth, total (years)",SP.DYN.LE00.IN,67.531,67.664,67.914,68.085,68.267,68.364,68.629,68.862,69.064,69.292,69.52,69.733,69.953,70.08,70.349,68.817,67.452,70.925,71.146,..
Indonesia,IDN,"Birth rate, crude (per 1,000 people)",SP.DYN.CBRT.IN,21.018,20.943,20.968,20.511,20.375,20.362,20.611,20.41,19.643,19.091,18.569,18.138,17.54,17.146,16.909,16.674,16.417,16.204,15.941,..
Indonesia,IDN,"Fertility rate, total (births per woman)",SP.DYN.TFRT.IN,2.452,2.457,2.476,2.44,2.442,2.462,2.515,2.514,2.441,2.393,2.346,2.311,2.253,2.219,2.205,2.189,2.166,2.149,2.127,..
Indonesia,IDN,"Population, total",SP.POP.TOTL,230871650,233951652,237062337,240157903,243220028,246305322,249470032,252698525,255852467,258877399,261799249,264627418,267346658,269951846,272489381,274814866,276758053,278830529,281190067,283487931
Indonesia,IDN,Population growth (annual %),SP.POP.GROW,1.283806612,1.325255023,1.320865324,1.29735043,1.266986251,1.260541401,1.276688306,1.285838166,1.240380016,1.175360912,1.122339818,1.0744882,1.022329398,0.96974341,0.935604959,0.849801187,0.704601322,0.74605047,0.842666137,0.813871513
Japan,JPN,GDP per capita (current US$),NY.GDP.PCAP.CD,37812.89502,35991.546,35779.02454,39876.30397,41308.99684,44968.15623,48760.07895,49145.28043,40898.6479,38475.39525,34960.63938,39375.47316,38834.05293,39751.1331,40415.95676,40028.73417,40094.55998,34065.6439,33836.17563,32487.0778
Japan,JPN,"Life expectancy at birth, total (years)",SP.DYN.LE00.IN,81.95512195,82.32195122,82.50707317,82.58756098,82.93146341,82.84268293,82.59121951,83.09609756,83.33195122,83.58780488,83.79390244,83.98487805,84.0997561,84.21097561,84.35634146,84.56,84.44560976,83.99634146,84.04121951,..
Japan,JPN,"Birth rate, crude (per 1,000 people)",SP.DYN.CBRT.IN,8.4,8.7,8.6,8.7,8.5,8.5,8.3,8.2,8.2,8,8,7.8,7.6,7.4,7,6.8,6.6,6.3,6,..
Japan,JPN,"Fertility rate, total (births per woman)",SP.DYN.TFRT.IN,1.26,1.32,1.34,1.37,1.37,1.39,1.39,1.41,1.43,1.42,1.45,1.44,1.43,1.42,1.36,1.33,1.3,1.26,1.2,..
Japan,JPN,"Population, total",SP.POP.TOTL,127773000,127854000,128001000,128063000,128047000,128070000,127833000,127629000,127445000,127276000,127141000,127076000,126972000,126811000,126633000,126261000,125681593,125124989,124516650,123975371
Japan,JPN,Population growth (annual %),SP.POP.GROW,0.009392097,0.063373589,0.114908848,0.048425395,-0.012494631,0.017960542,-0.185226486,-0.159710676,-0.144271883,-0.132694222,-0.106124994,-0.051137415,-0.081874296,-0.126880068,-0.140464978,-0.294194618,-0.459952416,-0.443851919,-0.487370782,-0.435651699
Kiribati,KIR,GDP per capita (current US$),NY.GDP.PCAP.CD,1161.783417,1123.19259,1352.57814,1410.622469,1316.627539,1522.100687,1771.129268,1843.553363,1772.087183,1736.705357,1639.852747,1742.667993,1853.051227,1912.738094,1750.997719,1751.782492,2222.048195,2069.767173,2177.701258,2288.634714
Kiribati,KIR,"Life expectancy at birth, total (years)",SP.DYN.LE00.IN,65.517,65.601,65.677,65.746,65.808,65.859,65.896,65.908,65.898,65.869,65.831,65.799,65.787,65.807,65.866,65.205,64.148,66.269,66.473,..
Kiribati,KIR,"Birth rate, crude (per 1,000 people)",SP.DYN.CBRT.IN,29.181,29.738,30.347,30.831,31.084,31.247,31.427,30.798,30.046,29.313,28.858,28.508,28.275,28.112,27.826,27.355,26.909,26.403,25.813,..
Kiribati,KIR,"Fertility rate, total (births per woman)",SP.DYN.TFRT.IN,3.76,3.815,3.865,3.899,3.905,3.898,3.878,3.768,3.643,3.521,3.438,3.375,3.339,3.318,3.29,3.254,3.219,3.182,3.147,..
Kiribati,KIR,"Population, total",SP.POP.TOTL,98035,100017,102068,104222,106467,108704,110647,112284,113838,115326,116815,118478,120275,122084,123921,126099,128377,130469,132530,134518
Kiribati,KIR,Population growth (annual %),SP.POP.GROW,2.009134138,2.001561377,2.029908629,2.088398164,2.131183851,2.0793514,1.771636163,1.468642247,1.374500903,1.298651544,1.282858625,1.413580252,1.505349825,1.492854481,1.49349334,1.742304693,1.790393476,1.616440317,1.567338424,1.488898419
"Korea, Dem. People's Rep.",PRK,GDP per capita (current US$),NY.GDP.PCAP.CD,..,..,..,..,..,..,..,..,..,..,..,..,..,..,..,..,..,..,..,..
"Korea, Dem. People's Rep.",PRK,"Life expectancy at birth, total (years)",SP.DYN.LE00.IN,69.168,69.061,69.021,69.303,69.702,70.246,70.772,71.317,71.867,72.451,72.825,72.971,73.034,73.02,72.928,72.783,73.437,73.641,73.642,..
"Korea, Dem. People's Rep.",PRK,"Birth rate, crude (per 1,000 people)",SP.DYN.CBRT.IN,13.903,14.021,13.856,13.923,13.403,13.294,13.273,13.316,13.357,13.411,13.423,13.458,13.474,13.427,13.405,13.391,13.267,13.149,12.947,..
"Korea, Dem. People's Rep.",PRK,"Fertility rate, total (births per woman)",SP.DYN.TFRT.IN,1.872,1.936,1.943,1.97,1.905,1.89,1.883,1.882,1.877,1.874,1.863,1.856,1.848,1.834,1.825,1.821,1.806,1.797,1.78,..
"Korea, Dem. People's Rep.",PRK,"Population, total",SP.POP.TOTL,24396433,24524507,24646383,24764618,24878332,24987258,25097874,25211728,25329451,25451262,25575350,25698326,25817709,25931147,26037632,26136312,26232534,26328845,26418204,26498823
"Korea, Dem. People's Rep.",PRK,Population growth (annual %),SP.POP.GROW,0.581650142,0.523597022,0.495725213,0.478578548,0.45812829,0.436879111,0.441712642,0.452614172,0.465850679,0.479753932,0.486366779,0.479685661,0.463479822,0.438418123,0.409804314,0.37827356,0.367478437,0.366471008,0.338821175,0.304699893
"Korea, Rep.",KOR,GDP per capita (current US$),NY.GDP.PCAP.CD,20167.04749,22609.70594,25078.4854,22252.31251,19937.30291,24071.26205,26175.23986,26600.54774,28449.35911,30667.09125,30171.79065,30832.06281,33296.98454,35363.95082,33826.94433,33645.77195,37518.46353,34822.40484,35674.096,36238.63991
"Korea, Rep.",KOR,"Life expectancy at birth, total (years)",SP.DYN.LE00.IN,78.16829268,78.66829268,79.1195122,79.51707317,79.96829268,80.11707317,80.56829268,80.8195122,81.27073171,81.72195122,82.02439024,82.27560976,82.62682927,82.62682927,83.22682927,83.42682927,83.52682927,82.6804878,83.42926829,..
"Korea, Rep.",KOR,"Birth rate, crude (per 1,000 people)",SP.DYN.CBRT.IN,9,9.2,10.1,9.4,9,9.4,9.4,9.6,8.6,8.6,8.6,7.9,7,6.4,5.9,5.3,5.1,4.9,4.5,..
"Korea, Rep.",KOR,"Fertility rate, total (births per woman)",SP.DYN.TFRT.IN,1.085,1.132,1.259,1.192,1.149,1.226,1.244,1.297,1.187,1.205,1.239,1.172,1.052,0.977,0.918,0.837,0.808,0.778,0.721,..
"Korea, Rep.",KOR,"Population, total",SP.POP.TOTL,48184561,48438292,48683638,49054708,49307835,49554112,49936638,50199853,50428893,50746659,51014947,51217803,51361911,51585058,51764822,51836239,51769539,51672569,51712619,51751065
"Korea, Rep.",KOR,Population growth (annual %),SP.POP.GROW,0.211997784,0.52519994,0.505234033,0.759316682,0.514682828,0.498225084,0.768971759,0.525713661,0.455218622,0.628149861,0.527288497,0.396851823,0.280968018,0.433519028,0.347874969,0.137869266,-0.128757315,-0.187486567,0.077477253,0.074317867
Lao PDR,LAO,GDP per capita (current US$),NY.GDP.PCAP.CD,466.061507,579.3919474,697.3230137,885.7473761,935.0323728,1125.916102,1361.547044,1563.565077,1812.517744,1981.039109,2121.013391,2303.22156,2432.430595,2545.107542,2589.32081,2583.777307,2526.05105,2046.404403,2066.949798,2123.979094
Lao PDR,LAO,"Life expectancy at birth, total (years)",SP.DYN.LE00.IN,60.688,61.074,61.694,62.248,63.023,63.69,64.505,65.126,65.723,66.35,66.688,67.014,67.345,67.594,67.911,68.339,67.807,68.715,68.964,..
Lao PDR,LAO,"Birth rate, crude (per 1,000 people)",SP.DYN.CBRT.IN,28.788,28.365,28.124,27.882,27.569,27.195,26.777,26.174,25.623,25.049,24.962,24.567,24.117,23.599,23.151,22.618,22.147,21.693,21.271,..
Lao PDR,LAO,"Fertility rate, total (births per woman)",SP.DYN.TFRT.IN,3.685,3.559,3.438,3.331,3.229,3.137,3.049,2.953,2.872,2.802,2.796,2.744,2.691,2.633,2.589,2.535,2.494,2.455,2.421,..
Lao PDR,LAO,"Population, total",SP.POP.TOTL,5869523,5963200,6056236,6148969,6241642,6334194,6426590,6518978,6611385,6703172,6801645,6908802,7018147,7128045,7237636,7346533,7453194,7559007,7664993,7769819
Lao PDR,LAO,Population growth (annual %),SP.POP.GROW,1.508841189,1.583387985,1.548123525,1.51959405,1.49588633,1.471928721,1.448149498,1.42735442,1.407554774,1.378768427,1.458364749,1.563175613,1.570297226,1.55377802,1.525763046,1.493386752,1.441416409,1.409716701,1.392376672,1.35832703
"Macao SAR, China",MAC,GDP per capita (current US$),NY.GDP.PCAP.CD,25681.21673,29813.78772,35400.23347,38888.5118,40354.28103,52596.22502,67046.72843,76058.0225,87107.83131,88355.31818,69902.96057,68911.67559,77570.98762,83588.2875,81882.69645,36883.66526,44884.89616,36806.89126,67216.36311,72004.7437
"Macao SAR, China",MAC,"Life expectancy at birth, total (years)",SP.DYN.LE00.IN,81.34146341,81.72926829,81.72926829,82.02682927,82.17560976,82.27317073,82.47073171,82.47073171,82.72195122,83.02195122,83.22439024,83.27560976,83.52682927,83.67804878,83.92926829,84.12926829,83.72926829,83.0804878,83.1804878,..
"Macao SAR, China",MAC,"Birth rate, crude (per 1,000 people)",SP.DYN.CBRT.IN,7.8,8.1,8.7,8.7,8.9,9.5,10.6,12.9,11.1,11.8,11,11,10.1,9,8.9,8.1,7.4,6.4,5.5,..
"Macao SAR, China",MAC,"Fertility rate, total (births per woman)",SP.DYN.TFRT.IN,0.912,0.954,1.008,0.979,1.004,1.07,1.15,1.357,1.15,1.224,1.142,1.138,1.021,0.915,0.899,0.841,0.756,0.68,0.586,..
"Macao SAR, China",MAC,"Population, total",SP.POP.TOTL,473500,498900,520900,540700,535000,537000,549600,567900,591900,621700,642900,652500,648400,658900,672000,685400,682500,677300,678800,687000
"Macao SAR, China",MAC,Population growth (annual %),SP.POP.GROW,4.05140518,5.225376224,4.315240988,3.730651164,-1.059784949,0.373134761,2.31926464,3.275460598,4.139235481,4.911995958,3.353152987,1.482194805,-0.630334934,1.606398806,1.96865626,1.974426892,-0.424008238,-0.764822084,0.221222714,1.200775886
Malaysia,MYS,GDP per capita (current US$),NY.GDP.PCAP.CD,5555.5818,6158.407855,7168.930319,8371.821561,7191.432872,8899.345055,10217.10686,10600.57442,10713.64076,11013.31073,9648.679794,9476.534098,9862.548066,10901.802,10920.19176,9957.526267,10903.10375,11754.56783,11386.03956,11874.42737
Malaysia,MYS,"Life expectancy at birth, total (years)",SP.DYN.LE00.IN,74.37,74.697,74.961,75.151,75.269,75.376,75.488,75.552,75.464,75.345,75.288,75.371,75.542,75.734,75.9,76.057,73.917,75.444,76.657,..
Malaysia,MYS,"Birth rate, crude (per 1,000 people)",SP.DYN.CBRT.IN,17.94,17.395,17.091,17.356,17.29,16.906,17.186,17.002,16.761,16.724,16.336,15.789,15.329,14.808,14.233,13.393,12.385,12.394,12.412,..
Malaysia,MYS,"Fertility rate, total (births per woman)",SP.DYN.TFRT.IN,2.391,2.308,2.252,2.262,2.223,2.144,2.153,2.117,2.07,2.058,2.008,1.942,1.893,1.838,1.777,1.68,1.555,1.55,1.55,..
Malaysia,MYS,"Population, total",SP.POP.TOTL,25836071,26417909,26998389,27570059,28124778,28655776,29162039,29662831,30174265,30696137,31232798,31789685,32355644,32910967,33440596,33889558,34282399,34695493,35126298,35557673
Malaysia,MYS,Population growth (annual %),SP.POP.GROW,2.267729849,2.22705351,2.173504618,2.095316748,1.992060212,1.870406127,1.751280082,1.702695132,1.70946282,1.714740728,1.733194456,1.767310548,1.76466064,1.701747319,1.596466533,1.333633231,1.152513044,1.197772001,1.234028692,1.22058891
Marshall Islands,MHL,GDP per capita (current US$),NY.GDP.PCAP.CD,2658.652179,2754.269888,2892.28404,2817.605228,2906.63027,3095.45769,3319.398154,3514.265155,3677.906908,3735.239778,3764.344262,4229.809889,4592.834576,4858.120791,5292.339855,5661.967873,6315.312796,6455.660622,6793.244959,7726.336689
Marshall Islands,MHL,"Life expectancy at birth, total (years)",SP.DYN.LE00.IN,64.112,64.207,64.259,64.3,64.395,64.498,64.641,64.776,64.954,65.11,65.292,65.477,65.673,65.87,66.047,65.387,65.421,66.725,66.945,..
Marshall Islands,MHL,"Birth rate, crude (per 1,000 people)",SP.DYN.CBRT.IN,37.188,36.551,35.59,34.331,32.793,30.935,29.216,27.707,26.395,25.695,25.164,24.72,24.391,24.066,23.736,23.439,23.176,21.989,21.137,..
Marshall Islands,MHL,"Fertility rate, total (births per woman)",SP.DYN.TFRT.IN,4.276,4.197,4.09,3.967,3.83,3.673,3.527,3.382,3.247,3.18,3.131,3.091,3.064,3.038,3.012,2.989,2.964,2.936,2.919,..
Marshall Islands,MHL,"Population, total",SP.POP.TOTL,51906,51992,52035,52030,52019,52044,51907,51419,50681,49796,48800,47709,46529,45285,44007,42706,41367,40077,38827,37548
Marshall Islands,MHL,Population growth (annual %),SP.POP.GROW,0.221800143,0.165547017,0.08267085,-0.009609379,-0.021143884,0.048047818,-0.263585881,-0.944590187,-1.445666706,-1.761642739,-2.020434666,-2.261025352,-2.504428523,-2.709992229,-2.862713965,-3.000928659,-3.185596406,-3.168085785,-3.168672277,-3.349576643
"Micronesia, Fed. Sts.",FSM,GDP per capita (current US$),NY.GDP.PCAP.CD,2207.168445,2244.972273,2293.513417,2369.508117,2544.111146,2702.611652,2848.70077,2992.289161,2893.134374,2896.73082,2853.076436,2979.601192,3279.10779,3566.586904,3572.659183,3362.028021,3508.223142,3710.124516,3919.643079,4166.004767
"Micronesia, Fed. Sts.",FSM,"Life expectancy at birth, total (years)",SP.DYN.LE00.IN,64.906,64.859,64.844,64.849,64.865,64.892,64.969,65.08,65.179,65.294,65.306,65.576,65.761,65.943,66.196,65.878,66.152,66.961,67.198,..
"Micronesia, Fed. Sts.",FSM,"Birth rate, crude (per 1,000 people)",SP.DYN.CBRT.IN,28.391,27.762,27.095,26.413,25.821,25.211,24.742,24.37,24.03,23.781,23.573,23.352,23.169,23.056,22.891,22.693,22.686,22.509,22.299,..
"Micronesia, Fed. Sts.",FSM,"Fertility rate, total (births per woman)",SP.DYN.TFRT.IN,3.595,3.514,3.439,3.368,3.313,3.271,3.223,3.18,3.133,3.091,3.049,3.001,2.957,2.922,2.883,2.852,2.818,2.785,2.748,..
"Micronesia, Fed. Sts.",FSM,"Population, total",SP.POP.TOTL,111412,110729,109880,108936,107957,107540,107698,107890,108121,108396,108716,109075,109481,109909,110282,110916,111624,112114,112630,113160
"Micronesia, Fed. Sts.",FSM,Population growth (annual %),SP.POP.GROW,-0.459396251,-0.614926693,-0.769691347,-0.86283074,-0.902755413,-0.387012831,0.146814251,0.178117568,0.213878078,0.254021761,0.294778945,0.32967416,0.371529921,0.390173247,0.338797096,0.573243642,0.636292252,0.438013018,0.459189929,0.469463637
Mongolia,MNG,GDP per capita (current US$),NY.GDP.PCAP.CD,994.9001091,1329.891796,1627.687877,2127.426786,1703.327568,2625.218814,3736.042015,4328.890019,4340.143105,4126.239758,3838.92127,3619.900264,3645.967087,4107.642885,4347.546103,4001.251931,4517.61578,4993.514875,5838.631081,6750.630116
Mongolia,MNG,"Life expectancy at birth, total (years)",SP.DYN.LE00.IN,65.28073171,65.90219512,66.59341463,67.24609756,67.96902439,68.50560976,69.10926829,69.5002439,70.09804878,70.58317073,70.8102439,70.22390244,70.54341463,70.82707317,71.05317073,71.34902439,71.64512195,71.90073171,72.12243902,..
Mongolia,MNG,"Birth rate, crude (per 1,000 people)",SP.DYN.CBRT.IN,18.566,19.96,21.889,23.899,24.816,23.1,25.1,26,27.5,28,27.1,25.9,23.9,24.5,24.4,23.4,21.6,19.5,19,..
Mongolia,MNG,"Fertility rate, total (births per woman)",SP.DYN.TFRT.IN,2,2.1,2.3,2.6,2.8,2.4,2.6,2.7,3,3.1,3,3,2.8,2.9,3,2.9,2.8,2.7,2.7,..
Mongolia,MNG,"Population, total",SP.POP.TOTL,2536407,2567168,2601850,2643201,2691115,2738622,2786317,2839705,2899011,2963113,3026864,3088856,3148917,3208189,3267673,3327204,3383741,3433748,3481145,3524788
Mongolia,MNG,Population growth (annual %),SP.POP.GROW,1.109862906,1.205483314,1.341938467,1.576795221,1.79649232,1.749926831,1.72657779,1.897952145,2.066947081,2.187076054,2.128669517,2.027369576,1.925778838,1.864801928,1.837150731,1.805420087,1.684959051,1.46704738,1.370888669,1.245902995
Myanmar,MMR,GDP per capita (current US$),NY.GDP.PCAP.CD,252.6851931,303.4950871,419.3757807,658.4424872,758.4429358,1010.534173,1213.628987,1202.665896,1199.095616,1293.000423,1166.733055,1229.197135,1272.822418,1298.213103,1425.989542,1490.216836,1242.721344,1158.050051,1233.196662,1359.050016
Myanmar,MMR,"Life expectancy at birth, total (years)",SP.DYN.LE00.IN,61.72,62.026,62.367,56.364,63.095,63.479,63.859,64.251,64.617,64.994,65.288,65.64,65.909,66.232,66.457,66.612,65.553,66.506,66.889,..
Myanmar,MMR,"Birth rate, crude (per 1,000 people)",SP.DYN.CBRT.IN,20.966,20.599,20.373,19.993,19.681,19.365,19.086,18.819,18.684,18.551,18.608,18.561,18.341,18.054,17.774,17.456,17.201,16.912,16.696,..
Myanmar,MMR,"Fertility rate, total (births per woman)",SP.DYN.TFRT.IN,2.515,2.471,2.447,2.404,2.369,2.335,2.306,2.276,2.264,2.252,2.266,2.27,2.252,2.228,2.206,2.179,2.158,2.131,2.115,..
Myanmar,MMR,"Population, total",SP.POP.TOTL,47438365,47785135,48125043,48390793,48660459,49024382,49419820,49837446,50262658,50681634,51089056,51495696,51894938,52272247,52640713,53016522,53387102,53756787,54133798,54500091
Myanmar,MMR,Population growth (annual %),SP.POP.GROW,0.782152324,0.728331836,0.708807825,0.550688224,0.555720176,0.745099608,0.803379211,0.841507088,0.849578653,0.830118073,0.800670953,0.792792539,0.772302033,0.724432843,0.702425163,0.711376906,0.696558039,0.690074759,0.698879396,0.674364863
Nauru,NRU,GDP per capita (current US$),NY.GDP.PCAP.CD,2992.403828,2910.141458,2272.152913,3756.845312,4410.567647,4735.920005,6444.036421,9842.770327,8974.518869,9230.054403,7747.25585,8748.156326,9656.979766,11413.7463,10801.77057,10709.06881,14979.0999,12911.90864,12752.47239,13609.15884
Nauru,NRU,"Life expectancy at birth, total (years)",SP.DYN.LE00.IN,59.361,59.409,59.49,59.675,59.852,60.074,60.287,60.533,60.701,60.834,60.897,60.996,61.101,61.238,61.393,61.527,61.331,61.93,62.109,..
Nauru,NRU,"Birth rate, crude (per 1,000 people)",SP.DYN.CBRT.IN,28.451,29.076,30.408,32.27,34.272,36.097,36.803,36.144,35.342,34.687,34.223,33.578,32.241,30.66,29.581,28.662,27.787,26.613,25.505,..
Nauru,NRU,"Fertility rate, total (births per woman)",SP.DYN.TFRT.IN,3.377,3.4,3.504,3.665,3.847,4.019,4.117,4.115,4.098,4.085,4.075,4.027,3.879,3.683,3.531,3.466,3.425,3.379,3.331,..
Nauru,NRU,"Population, total",SP.POP.TOTL,10049,10034,10020,10009,10016,10043,10098,10267,10517,10742,10954,11150,11324,11477,11587,11643,11709,11801,11875,11947
Nauru,NRU,Population growth (annual %),SP.POP.GROW,-0.10940376,-0.1493801,-0.139623041,-0.109840742,0.069912612,0.269206005,0.546151003,1.659748388,2.405812722,2.116829595,1.954339488,1.773481154,1.548486934,1.342066545,0.953874732,0.482136104,0.565263581,0.782649678,0.625107628,0.604485091
New Caledonia,NCL,GDP per capita (current US$),NY.GDP.PCAP.CD,25528.29184,28193.25376,35177.65353,35723.90332,33836.49408,35798.90848,38835.94019,35559.5672,36671.15668,37816.95586,30858.72371,30782.85444,32354.71028,34902.89688,33411.33588,33270.3306,35311.55436,33516.36309,33701.89233,29213.19232
New Caledonia,NCL,"Life expectancy at birth, total (years)",SP.DYN.LE00.IN,74.867,75.016,75.181,75.398,75.676,75.992,76.315,76.615,76.867,77.053,77.206,77.359,77.504,77.557,77.262,77.049,77.113,77.698,78.766,..
New Caledonia,NCL,"Birth rate, crude (per 1,000 people)",SP.DYN.CBRT.IN,18.105,18.028,17.636,17.345,17.013,16.774,16.834,16.788,16.442,16.031,15.735,15.672,15.327,15.228,15.183,14.903,14.747,14.498,14.262,..
New Caledonia,NCL,"Fertility rate, total (births per woman)",SP.DYN.TFRT.IN,2.227,2.241,2.215,2.204,2.194,2.187,2.2,2.202,2.167,2.118,2.079,2.078,2.043,2.041,2.05,2.022,2.012,1.998,1.98,..
New Caledonia,NCL,"Population, total",SP.POP.TOTL,244381,247547,250725,253825,257250,261582,266543,271633,276822,281224,283168,283423,283546,283541,283606,284176,285214,287123,289870,292639
New Caledonia,NCL,Population growth (annual %),SP.POP.GROW,1.45458459,1.28719801,1.2756258,1.228833221,1.340332153,1.669943516,1.878777156,1.891630908,1.892280984,1.577680445,0.688885628,0.090012025,0.043388616,-0.001763398,0.022921747,0.200781353,0.364601117,0.667091968,0.952185124,0.950722086
New Zealand,NZL,GDP per capita (current US$),NY.GDP.PCAP.CD,27751.06547,26654.5932,32479.98174,31324.7398,28276.72554,33761.90096,38431.77668,40053.69915,43000.46468,44618.26697,38665.3723,40113.71954,42950.38417,43257.07692,42855.83186,41997.78303,49950.42517,49099.70904,49075.95628,49205.17921
New Zealand,NZL,"Life expectancy at birth, total (years)",SP.DYN.LE00.IN,79.85121951,80.04878049,80.15121951,80.35121951,80.70243902,80.90487805,81.15609756,81.40731707,81.40487805,81.45682927,81.61243902,81.65853659,81.85853659,81.70731707,82.05609756,82.25609756,82.20731707,81.95853659,83.00487805,..
New Zealand,NZL,"Birth rate, crude (per 1,000 people)",SP.DYN.CBRT.IN,13.96,14.14,15.15,15.1,14.53,14.68,14,13.87,13.2,12.67,13.23,12.6,12.38,11.84,11.96,11.32,11.48,11.49,10.86,..
New Zealand,NZL,"Fertility rate, total (births per woman)",SP.DYN.TFRT.IN,1.97,2.01,2.18,2.19,2.13,2.17,2.09,2.1,2.01,1.92,1.99,1.87,1.81,1.71,1.72,1.61,1.64,1.66,1.56,..
New Zealand,NZL,"Population, total",SP.POP.TOTL,4133900,4184600,4223800,4259800,4302600,4350700,4384000,4408100,4442100,4516500,4609400,4714100,4813600,4900600,4970300,5072400,5084600,5081700,5200000,5287500
New Zealand,NZL,Population growth (annual %),SP.POP.GROW,1.12877351,1.21898486,0.932407688,0.848701402,0.999728031,1.111726056,0.762479795,0.548220797,0.768347998,1.661012001,2.036033909,2.2460321,2.088722723,1.791240168,1.412255386,2.033387792,0.240228529,-0.057051239,2.301277431,1.668691879
Northern Mariana Islands,MNP,GDP per capita (current US$),NY.GDP.PCAP.CD,17015.74879,16314.55786,15914.2193,16430.44619,14369.63398,14771.40375,13598.71661,14013.60033,14632.85189,15945.41761,17665.10075,24225.47417,31225.605,26509.36284,24496.66521,18220.83824,19455.50139,23785.75459,..,..
Northern Mariana Islands,MNP,"Life expectancy at birth, total (years)",SP.DYN.LE00.IN,77.307,77.688,77.863,77.938,77.903,77.8,77.688,77.566,77.452,77.377,77.36,77.392,77.47,77.51,77.844,78.03,78.16,78.531,78.808,..
Northern Mariana Islands,MNP,"Birth rate, crude (per 1,000 people)",SP.DYN.CBRT.IN,22.96,24.494,24.231,22.747,20.624,20.67,21.409,21.778,22.776,21.455,19.791,18.374,17.324,16.559,16.029,15.487,14.824,13.807,12.918,..
Northern Mariana Islands,MNP,"Fertility rate, total (births per woman)",SP.DYN.TFRT.IN,2.256,2.613,2.786,2.815,2.736,2.982,3.208,3.328,3.535,3.372,3.134,2.923,2.762,2.643,2.559,2.494,2.441,2.388,2.348,..
Northern Mariana Islands,MNP,"Population, total",SP.POP.TOTL,62354,60682,58941,57150,55325,54091,53608,53234,52758,52178,51514,50773,49959,49077,48129,47528,46979,46078,45143,44278
Northern Mariana Islands,MNP,Population growth (annual %),SP.POP.GROW,-2.508603978,-2.718071031,-2.911017015,-3.085755333,-3.24545043,-2.255707252,-0.896950275,-0.700102071,-0.898187033,-1.105446951,-1.280733473,-1.448889816,-1.616204818,-1.781217576,-1.950558724,-1.256589498,-1.16183177,-1.936508068,-2.050038358,-1.934728938
Palau,PLW,GDP per capita (current US$),NY.GDP.PCAP.CD,9635.283575,9881.659707,10402.53675,10577.50191,10147.77411,10221.91638,10993.60386,12137.17322,12698.92401,13863.45442,16154.05322,17150.47594,16401.78476,16166.96711,15846.79685,14708.21195,13009.24816,13729.76028,15610.82319,..
Palau,PLW,"Life expectancy at birth, total (years)",SP.DYN.LE00.IN,66.219,66.633,67.113,67.562,67.99,68.347,68.638,68.863,68.981,69.062,69.07,69.046,69.019,68.989,68.982,68.689,68.563,68.922,69.269,..
Palau,PLW,"Birth rate, crude (per 1,000 people)",SP.DYN.CBRT.IN,13.94,13.81,13.741,13.676,13.649,13.65,13.8,13.99,14.024,13.362,12.582,12.741,12.437,12.004,11.921,11.624,11.377,11.115,10.897,..
Palau,PLW,"Fertility rate, total (births per woman)",SP.DYN.TFRT.IN,2.017,1.996,1.968,1.947,1.935,1.937,1.965,2.006,2.054,2.032,2.002,2.055,2.019,1.97,1.984,1.972,1.95,1.927,1.907,..
Palau,PLW,"Population, total",SP.POP.TOTL,19819,19593,19302,19009,18709,18396,18078,17765,17648,17715,17770,17797,17812,17814,17798,17792,17783,17759,17727,17695
Palau,PLW,Population growth (annual %),SP.POP.GROW,-0.005045536,-1.146871395,-1.49636421,-1.529616626,-1.590785972,-1.687144183,-1.74375203,-1.74654999,-0.660776696,0.378927581,0.309990385,0.15182616,0.084248369,0.011227755,-0.089857358,-0.033717337,-0.050597331,-0.135051509,-0.180352864,-0.180678723
Papua New Guinea,PNG,GDP per capita (current US$),NY.GDP.PCAP.CD,744.48649,1238.182829,1370.753416,1624.793199,1568.831934,1866.868899,2288.375911,2635.087363,2560.77459,2723.175298,2484.59634,2316.394798,2477.76531,2566.368337,2575.772741,2429.611346,2607.578619,3102.289686,2966.068304,3006.705645
Papua New Guinea,PNG,"Life expectancy at birth, total (years)",SP.DYN.LE00.IN,61.868,62.018,62.211,62.511,62.772,63.056,63.382,63.639,63.927,64.198,64.473,64.7,64.923,65.114,65.331,65.075,64.358,65.274,66.134,..
Papua New Guinea,PNG,"Birth rate, crude (per 1,000 people)",SP.DYN.CBRT.IN,32.813,32.362,31.921,31.549,31.074,30.734,30.304,29.802,29.354,28.899,28.375,27.865,27.361,26.956,26.466,26.092,25.582,25.16,24.576,..
Papua New Guinea,PNG,"Fertility rate, total (births per woman)",SP.DYN.TFRT.IN,4.22,4.148,4.076,4.015,3.941,3.883,3.816,3.746,3.684,3.625,3.558,3.495,3.432,3.382,3.322,3.274,3.215,3.165,3.099,..
Papua New Guinea,PNG,"Population, total",SP.POP.TOTL,6535905,6747720,6963345,7183002,7406438,7633523,7859346,8081390,8302698,8523441,8743246,8961718,9178714,9394513,9609010,9815746,10012896,10203169,10389635,10576502
Papua New Guinea,PNG,Population growth (annual %),SP.POP.GROW,3.232011298,3.189384748,3.145529229,3.105743919,3.063222045,3.019984677,2.915392813,2.786049057,2.701663478,2.623961032,2.546138405,2.468043308,2.3925158,2.323868777,2.257540455,2.128663097,1.988603122,1.882449614,1.811031625,1.782607338
Philippines,PHL,GDP per capita (current US$),NY.GDP.PCAP.CD,1220.460186,1426.146492,1712.655433,1959.292335,1864.450434,2162.913759,2383.918925,2614.616444,2781.279577,2866.838038,2909.85818,2985.19564,3038.12125,3168.510366,3400.789498,3227.579102,3484.385939,3548.069306,3804.082741,3984.831539
Philippines,PHL,"Life expectancy at birth, total (years)",SP.DYN.LE00.IN,68.423,68.172,68.549,68.643,68.631,68.883,69.096,69.237,69.283,69.311,69.45,69.49,69.966,69.761,69.68,70.097,66.675,69.472,69.833,..
Philippines,PHL,"Birth rate, crude (per 1,000 people)",SP.DYN.CBRT.IN,27.154,27.419,27,27.12,26.987,26.564,26.007,25.22,24.56,23.404,22.933,21.76,20.571,19.418,18.104,17.017,16.108,16.057,16.019,..
Philippines,PHL,"Fertility rate, total (births per woman)",SP.DYN.TFRT.IN,3.448,3.466,3.403,3.401,3.376,3.315,3.236,3.143,3.042,2.894,2.829,2.679,2.525,2.378,2.215,2.075,1.95,1.929,1.916,..
Philippines,PHL,"Population, total",SP.POP.TOTL,88015962,89508986,91075184,92699095,94384250,96337125,98248614,100175512,102076336,103767130,105312992,106735719,108119693,109465287,110804683,112081264,113100950,113964338,114891199,115843670
Philippines,PHL,Population growth (annual %),SP.POP.GROW,1.859412172,1.682083808,1.734634073,1.767334664,1.801550616,2.047954252,1.964738525,1.942262379,1.879715797,1.642832838,1.478753843,1.341907095,1.288301867,1.236860333,1.216155346,1.145514086,0.905660311,0.760479216,0.810000999,0.825602489
Samoa,WSM,GDP per capita (current US$),NY.GDP.PCAP.CD,2550.042214,2663.291359,3038.619041,3373.606399,3279.182695,3524.247925,3821.506783,3934.603208,4023.525401,3982.680802,4084.360838,4147.070977,4307.59382,4231.814095,4351.942349,4099.596605,4021.559349,4132.447177,4822.740847,5392.877619
Samoa,WSM,"Life expectancy at birth, total (years)",SP.DYN.LE00.IN,71.487,71.62,71.605,71.531,69.486,71.451,71.393,71.159,71.229,71.142,71.06,71.003,70.991,71.052,70.269,70.727,71.096,71.55,71.698,..
Samoa,WSM,"Birth rate, crude (per 1,000 people)",SP.DYN.CBRT.IN,29.522,29.326,29.329,29.769,30.135,30.537,30.785,30.69,30.533,30.248,29.816,29.279,28.795,28.488,27.957,27.453,26.891,26.101,25.401,..
Samoa,WSM,"Fertility rate, total (births per woman)",SP.DYN.TFRT.IN,4.322,4.322,4.358,4.417,4.466,4.52,4.56,4.545,4.491,4.423,4.344,4.262,4.196,4.136,4.061,4.002,3.94,3.883,3.829,..
Samoa,WSM,"Population, total",SP.POP.TOTL,186978,187709,188753,190107,191513,193023,194713,196498,198268,200037,201782,203499,205415,207582,209780,211944,213779,215261,216663,218019
Samoa,WSM,Population growth (annual %),SP.POP.GROW,0.390647476,0.390192842,0.554639075,0.71477895,0.736861989,0.785366135,0.871732675,0.91255736,0.89673977,0.888269859,0.868555728,0.847318415,0.93712322,1.049411926,1.05329202,1.02627263,0.862068229,0.690847424,0.649190563,0.623906395
Singapore,SGP,GDP per capita (current US$),NY.GDP.PCAP.CD,29961.31728,33768.45282,39432.88602,40008.57205,38926.80544,47236.68308,53891.45703,55547.55531,56967.42579,57564.80231,55645.60686,57005.58872,61236.25127,66881.6067,65952.0379,61410.07926,80056.12882,90299.06946,85412.23035,90674.06663
Singapore,SGP,"Life expectancy at birth, total (years)",SP.DYN.LE00.IN,79.9902439,80.14146341,80.44146341,80.7902439,81.24146341,81.54146341,81.74390244,81.99512195,82.24634146,82.49512195,82.74390244,82.84634146,83.09512195,83.29756098,83.59512195,83.54390244,83.09268293,82.89512195,82.89512195,..
Singapore,SGP,"Birth rate, crude (per 1,000 people)",SP.DYN.CBRT.IN,10.2,10.3,10.3,10.2,9.9,9.3,9.5,10.1,9.3,9.8,9.7,9.4,8.9,8.8,8.8,8.5,8.6,7.9,7.4,..
Singapore,SGP,"Fertility rate, total (births per woman)",SP.DYN.TFRT.IN,1.26,1.28,1.29,1.28,1.22,1.15,1.2,1.29,1.19,1.25,1.24,1.2,1.16,1.14,1.14,1.1,1.12,1.04,0.97,..
Singapore,SGP,"Population, total",SP.POP.TOTL,4265762,4401365,4588599,4839396,4987573,5076732,5183688,5312437,5399162,5469724,5535002,5607283,5612253,5638676,5703569,5685807,5453566,5637022,5917648,6036860
Singapore,SGP,Population growth (annual %),SP.POP.GROW,2.350511289,3.129389156,4.166002864,5.321517083,3.015949915,1.771832879,2.084902456,2.45339033,1.619308099,1.298440178,1.186376937,1.297436099,0.08859547,0.469704299,1.144283307,-0.311904961,-4.1703363,3.308620524,4.858316078,1.994493656
Solomon Islands,SLB,GDP per capita (current US$),NY.GDP.PCAP.CD,1144.492334,1255.624474,1390.14871,1525.846663,1554.70671,1685.145358,1924.057956,2066.257386,2161.386275,2164.952899,2045.477215,2082.623831,2143.576705,2278.199086,2223.658909,2063.32781,2043.444132,1877.781045,1882.643941,1933.555384
Solomon Islands,SLB,"Life expectancy at birth, total (years)",SP.DYN.LE00.IN,67.79,67.968,67.845,68.336,68.397,68.669,68.824,68.961,69.007,68.984,69.323,69.501,69.652,69.806,69.981,69.258,68.89,70.409,70.528,..
Solomon Islands,SLB,"Birth rate, crude (per 1,000 people)",SP.DYN.CBRT.IN,34.027,33.993,33.944,33.847,33.678,33.203,32.962,32.734,32.486,32.554,31.895,31.137,30.083,29.147,28.413,27.966,27.699,27.283,26.935,..
Solomon Islands,SLB,"Fertility rate, total (births per woman)",SP.DYN.TFRT.IN,4.411,4.39,4.372,4.358,4.349,4.341,4.335,4.332,4.325,4.36,4.291,4.2,4.06,3.93,3.8,3.749,3.694,3.62,3.557,..
Solomon Islands,SLB,"Population, total",SP.POP.TOTL,483080,491594,500156,508790,518141,532968,552945,573606,594945,616908,639415,662379,685672,709101,728147,744498,762591,781066,800005,819198
Solomon Islands,SLB,Population growth (annual %),SP.POP.GROW,1.768675026,1.747090117,1.726687719,1.711530798,1.821204825,2.821397885,3.679715423,3.668421041,3.652621482,3.62509399,3.583379165,3.528420383,3.45614796,3.359859127,2.650498034,2.220721486,2.401167987,2.393780769,2.395832434,2.370783523
Thailand,THA,GDP per capita (current US$),NY.GDP.PCAP.CD,2867.703834,3331.320435,3918.528174,4309.135093,4135.43987,4973.862888,5373.623283,5725.528028,6018.082447,5801.197892,5688.853354,5833.577156,6413.091825,7099.776501,7605.696578,6985.643939,7057.207548,6909.352818,7195.101309,7346.620221
Thailand,THA,"Life expectancy at birth, total (years)",SP.DYN.LE00.IN,72.894,73.341,73.779,74.221,74.669,75.012,75.302,75.59,75.96,76.279,76.563,76.769,76.989,77.19,77.197,77.331,77.606,75.291,76.412,..
Thailand,THA,"Birth rate, crude (per 1,000 people)",SP.DYN.CBRT.IN,13.488,13.208,12.926,12.525,12.188,12.009,11.943,11.758,11.367,10.95,10.594,10.111,9.765,9.4,9.056,8.792,8.544,8.38,8.245,..
Thailand,THA,"Fertility rate, total (births per woman)",SP.DYN.TFRT.IN,1.644,1.631,1.616,1.587,1.565,1.562,1.571,1.563,1.526,1.484,1.451,1.4,1.363,1.323,1.285,1.259,1.234,1.221,1.212,..
Thailand,THA,"Population, total",SP.POP.TOTL,66017420,66567687,67102394,67619830,68121080,68579447,69007208,69436098,69845114,70216367,70540795,70859841,71160187,71376079,71522271,71641484,71727332,71735329,71702435,71668011
Thailand,THA,Population growth (annual %),SP.POP.GROW,0.860087894,0.830063303,0.800044181,0.768156179,0.738542682,0.670617338,0.621807948,0.619591347,0.587325699,0.530129864,0.460976294,0.451266063,0.42296351,0.302929452,0.204609852,0.166540795,0.119758275,0.011148545,-0.045865189,-0.048021055
Timor-Leste,TLS,GDP per capita (current US$),NY.GDP.PCAP.CD,487.4645069,464.6670168,540.1546305,628.1531915,686.5793297,813.0602207,939.0452389,1022.619067,1204.568433,1224.749563,1319.59295,1335.543911,1266.177711,1219.465997,1562.364581,1630.869385,2684.926768,2343.249547,1502.411474,1331.970513
Timor-Leste,TLS,"Life expectancy at birth, total (years)",SP.DYN.LE00.IN,61.272,61.881,62.396,62.858,63.265,63.66,64.022,64.384,64.719,65.027,65.326,65.61,65.898,66.204,66.496,66.919,66.199,67.368,67.689,..
Timor-Leste,TLS,"Birth rate, crude (per 1,000 people)",SP.DYN.CBRT.IN,36.236,35.061,34.046,33.097,32.25,31.488,30.679,29.794,28.962,28.055,27.06,26.15,25.251,24.481,23.855,23.352,22.73,22.424,22.077,..
Timor-Leste,TLS,"Fertility rate, total (births per woman)",SP.DYN.TFRT.IN,5.611,5.474,5.333,5.171,4.994,4.816,4.614,4.404,4.208,3.999,3.779,3.582,3.399,3.244,3.116,3.011,2.892,2.801,2.707,..
Timor-Leste,TLS,"Population, total",SP.POP.TOTL,948311,976597,1004889,1032429,1058782,1084679,1110207,1134885,1158695,1181903,1205131,1228312,1251703,1275959,1300945,1326053,1350139,1369295,1384286,1400638
Timor-Leste,TLS,Population growth (annual %),SP.POP.GROW,2.049411634,2.939157221,2.855828689,2.703719071,2.520491249,2.416489984,2.326239374,2.198483979,2.076304762,1.983147949,1.946242341,1.905259439,1.886415497,1.919302866,1.939287072,1.911593734,1.800068931,1.408845874,1.08884744,1.174336386
Tonga,TON,GDP per capita (current US$),NY.GDP.PCAP.CD,2477.726201,2750.347786,2797.065601,3218.45304,2914.23774,3416.083566,3849.993758,4384.170587,4219.246701,4136.590138,4123.90324,3987.986262,4365.929328,4675.047913,4788.833423,4792.358547,4922.801714,5298.019415,5651.593731,..
Tonga,TON,"Life expectancy at birth, total (years)",SP.DYN.LE00.IN,70.56,70.71,70.887,71.041,70.949,71.319,71.437,71.546,71.65,71.721,71.851,71.951,72.066,72.169,72.292,72.379,72.13,72.635,72.895,..
Tonga,TON,"Birth rate, crude (per 1,000 people)",SP.DYN.CBRT.IN,30.013,29.519,29.038,28.717,28.398,28.008,27.656,27.277,26.866,26.391,25.834,25.229,24.514,24.144,23.849,23.634,23.507,23.35,23.117,..
Tonga,TON,"Fertility rate, total (births per woman)",SP.DYN.TFRT.IN,4.195,4.141,4.086,4.012,3.946,3.879,3.829,3.768,3.696,3.619,3.54,3.463,3.388,3.326,3.274,3.234,3.198,3.171,3.129,..
Tonga,TON,"Population, total",SP.POP.TOTL,105671,106253,106726,107020,107203,107400,107570,107460,107078,106609,106095,105524,105356,105567,105669,105704,105490,105042,104597,104175
Tonga,TON,Population growth (annual %),SP.POP.GROW,0.569418171,0.549254887,0.444175978,0.275093041,0.170850044,0.183594876,0.158161637,-0.102311314,-0.356114445,-0.438960492,-0.483301678,-0.539650396,-0.159332355,0.200073079,0.096574455,0.033116813,-0.202657342,-0.425589151,-0.424539965,-0.404269322
Tuvalu,TUV,GDP per capita (current US$),NY.GDP.PCAP.CD,2304.826943,2396.268443,2794.163101,3088.308774,2683.967495,3024.817079,3636.0814,3598.461631,3510.216401,3528.858581,3357.834177,3808.69755,4165.663387,4466.120349,5115.13076,4976.112541,5905.081981,5911.327271,6344.775019,..
Tuvalu,TUV,"Life expectancy at birth, total (years)",SP.DYN.LE00.IN,64.096,64.247,64.402,64.516,64.693,64.834,64.96,65.079,65.171,65.278,65.365,65.51,65.683,65.871,66.109,66.357,65.824,66.852,67.105,..
Tuvalu,TUV,"Birth rate, crude (per 1,000 people)",SP.DYN.CBRT.IN,22.746,22.438,21.859,21.685,21.876,22.175,22.54,22.887,22.831,22.975,23.339,23.76,24.284,24.927,24.867,24.632,24.35,24.084,23.075,..
Tuvalu,TUV,"Fertility rate, total (births per woman)",SP.DYN.TFRT.IN,3.546,3.525,3.446,3.415,3.425,3.442,3.463,3.47,3.389,3.33,3.308,3.297,3.301,3.328,3.331,3.309,3.277,3.244,3.208,..
Tuvalu,TUV,"Population, total",SP.POP.TOTL,9940,10056,10182,10321,10461,10614,10780,10934,11001,10984,10963,10930,10869,10751,10581,10399,10194,9992,9816,9646
Tuvalu,TUV,Population growth (annual %),SP.POP.GROW,1.255331326,1.160245062,1.245198419,1.35591991,1.347340178,1.451982804,1.551868108,1.418463499,0.610897728,-0.154650929,-0.191370177,-0.30146645,-0.559660161,-1.091592708,-1.593883358,-1.735029224,-1.991033576,-2.001453909,-1.777106541,-1.747038576
Vanuatu,VUT,GDP per capita (current US$),NY.GDP.PCAP.CD,1873.991426,2034.792896,2333.705067,2603.608831,2546.383246,2815.18829,3163.186165,3004.784167,2979.796081,2973.090265,2854.894123,2956.126448,3159.860558,3206.657487,3207.446505,3042.987116,3107.203129,3370.21192,3482.614582,3410.770232
Vanuatu,VUT,"Life expectancy at birth, total (years)",SP.DYN.LE00.IN,69.166,69.126,69.144,69.302,69.422,69.57,69.729,69.898,69.986,70.043,70.163,70.397,70.5,70.626,70.783,70.385,69.952,71.302,71.477,..
Vanuatu,VUT,"Birth rate, crude (per 1,000 people)",SP.DYN.CBRT.IN,31.235,31.373,31.851,32.495,32.777,32.951,33.094,33.172,33.235,33.085,32.788,32.506,32.083,31.429,30.717,29.941,29.334,28.673,28.05,..
Vanuatu,VUT,"Fertility rate, total (births per woman)",SP.DYN.TFRT.IN,4.133,4.1,4.117,4.159,4.157,4.126,4.093,4.059,4.039,3.999,3.952,3.915,3.875,3.834,3.79,3.738,3.696,3.647,3.596,..
Vanuatu,VUT,"Population, total",SP.POP.TOTL,210760,215923,221276,226896,232731,238248,243474,248883,254482,260240,266101,272087,278507,285259,291985,298858,305868,313046,320409,327777
Vanuatu,VUT,Population growth (annual %),SP.POP.GROW,2.424777418,2.420181731,2.448892846,2.508097161,2.539151745,2.342886778,2.169801269,2.197274588,2.224720006,2.237417559,2.22716538,2.224593213,2.332132561,2.395434581,2.330489157,2.326611311,2.318509214,2.319650826,2.324816009,2.273519443
Viet Nam,VNM,GDP per capita (current US$),NY.GDP.PCAP.CD,710.74676,807.7566451,925.6403383,1163.831958,1226.169761,1683.161824,1950.925042,2185.117677,2359.517365,2546.384645,2577.568853,2735.060438,2956.109921,3222.310031,3440.900254,3534.039535,3704.193559,4147.697772,4323.35032,4717.290287
Viet Nam,VNM,"Life expectancy at birth, total (years)",SP.DYN.LE00.IN,73.198,73.293,73.385,73.455,73.525,73.611,73.713,73.762,73.821,73.886,73.955,73.984,74.026,74.1,74.211,75.383,74.145,74.502,74.588,..
Viet Nam,VNM,"Birth rate, crude (per 1,000 people)",SP.DYN.CBRT.IN,17.369,17.249,17.537,17.664,17.528,17.409,17.588,17.892,17.888,18.671,18.498,17.313,16.764,15.438,15.513,15.234,14.735,14.272,13.831,..
Viet Nam,VNM,"Fertility rate, total (births per woman)",SP.DYN.TFRT.IN,1.887,1.873,1.911,1.933,1.92,1.906,1.927,1.967,1.98,2.09,2.1,2,1.985,1.88,1.943,1.957,1.942,1.927,1.913,..
Viet Nam,VNM,"Population, total",SP.POP.TOTL,81088313,82167897,83633375,85175788,86460018,87455152,88468314,89510356,90573104,91679578,92823254,94000117,95176977,96237319,97173776,98079191,98935098,99680655,100352192,100987686
Viet Nam,VNM,Population growth (annual %),SP.POP.GROW,0.928402391,1.322583364,1.767798458,1.827455213,1.496487238,1.144402597,1.151834061,1.170987408,1.180297555,1.214234636,1.239754031,1.259883665,1.244204736,1.107913952,0.968366699,0.927434296,0.868883561,0.750756665,0.671429251,0.631267006
,,,,,,,,,,,,,,,,,,,,,,,
,,,,,,,,,,,,,,,,,,,,,,,
,,,,,,,,,,,,,,,,,,,,,,,
Data from database: World Development Indicators,,,,,,,,,,,,,,,,,,,,,,,
Last Updated: 01/28/2026,,,,,,,,,,,,,,,,,,,,,,,
Code,License Type,Indicator Name,Long definition,Source,Topic,Dataset,Unit of measure,Periodicity,Reference period,Aggregation method,Statistical concept and methodology,Development relevance,Limitations and exceptions,Other notes,License URL,,,,,,,,
NY.GDP.PCAP.CD,CC BY-4.0,GDP per capita (current US$),"Gross domestic product is the total income earned through the production of goods and services in an economic territory during an accounting period. It can be measured in three different ways: using either the expenditure approach, the income approach, or the production approach. The core indicator has been divided by the general population to achieve a per capita estimate.This indicator is expressed in current prices, meaning no adjustment has been made to account for price changes over time. This indicator is expressed in United States dollars.","Country official statistics, National Statistical Organizations and/or Central Banks;
National Accounts data files, Organisation for Economic Co-operation and Development (OECD);
Staff estimates, World Bank (WB)",Economic Policy & Debt: National accounts: US$ at current prices: Aggregate indicators,WB_WDI,current US$,Annual,1960-2024,Weighted average,"Methodology: National accounts are compiled in accordance with international standards: System of National Accounts, 2008 or 1993 versions. Specific information on how countries compile their national accounts can be found on the IMF website: https://dsbb.imf.org/ Per capita estimates are divided by the total population.
Statistical concept(s): The conceptual elements of the SNA (System of National Accounts) measure what takes place in the economy, between which agents, and for what purpose. At the heart of the SNA is the production of goods and services. These may be used for consumption in the period to which the accounts relate or may be accumulated for use in a later period. In simple terms, the amount of value added generated by production represents GDP. The income corresponding to GDP is distributed to the various agents or groups of agents as income and it is the process of distributing and redistributing income that allows one agent to consume the goods and services produced by another agent or to acquire goods and services for later consumption. The way in which the SNA captures this pattern of economic flows is to identify the activities concerned by recognizing the institutional units in the economy and by specifying the structure of accounts capturing the transactions relevant to one stage or another of the process by which goods and services are produced and ultimately consumed.","This indicator is related to the national accounts, which are critical for understanding and managing a country's economy. They provide a framework for the analysis of economic performance. National accounts are the basis for estimating the Gross Domestic Product (GDP) and Gross National Income (GNI), which are the most widely used indicator of economic performance. They are essential for government policymakers, providing the data needed to design and assess fiscal and monetary policies; and are also used by businesses and investors to assess the economic climate and make investment decisions. NAS enable comparison between economies, which is crucial for international trade, investment decisions, and economic competitiveness. More specifically, this indicator is related to national accounts aggregates. Gross Domestic Product (GDP), Gross National Income (GNI), and other aggregates provide a snapshot of the size and health of an economy by measuring the total economic activity within a country. They can thus be used by policymakers to design and implement economic policies, as they reflect the overall economic performance and can indicate the need for intervention in certain areas. Aggregates also allow for comparisons between different economies, which can be useful for trade negotiations, investment decisions, and economic benchmarking. By examining aggregates over time, economists and analysts can identify trends, cycles, and potential areas of concern within an economy, and investors can use national accounts aggregates to assess the potential risks and returns of investing in a particular country. Overall, national accounts aggregates are fundamental tools for economic analysis, policy formulation, and decision-making at both the national and international levels.",,,https://datacatalog.worldbank.org/public-licenses#cc-by,,,,,,,,
SP.DYN.LE00.IN,CC BY-4.0,"Life expectancy at birth, total (years)",Life expectancy at birth indicates the number of years a newborn infant would live if prevailing patterns of mortality at the time of its birth were to stay the same throughout its life.,"World Population Prospects, United Nations (UN), uri: UN Population Division;
Statistical databases and publications from national statistical offices, National statistical offices, note: Derived from male and female life expectancy at birth from sources such as statistical databases and publications from national statistical offices.;
Demographic Statistics, Eurostat (ESTAT), note: Derived from male and female life expectancy at birth from sources such as Eurostat: Demographic Statistics.",Health: Mortality,WB_WDI,Years,Annual,1960-2023,Weighted average,"Methodology: Life expectancy at birth is derived from life tables and is based on sex- and age-specific death rates, or derived from male and female life expectancy at birth.
Statistical concept(s): Life expectancy at birth used here is the average number of years a newborn is expected to live if mortality patterns at the time of its birth remain constant in the future. It reflects the overall mortality level of a population, and summarizes the mortality pattern that prevails across all age groups in a given year. It is calculated in a period life table which provides a snapshot of a population's mortality pattern at a given time. It therefore does not reflect the mortality pattern that a person actually experiences during his/her life, which can be calculated in a cohort life table.



High mortality in young age groups significantly lowers the life expectancy at birth. But if a person survives his/her childhood of high mortality, he/she may live much longer. For example, in a population with a life expectancy at birth of 50, there may be few people dying at age 50. The life expectancy at birth may be low due to the high childhood mortality so that once a person survives his/her childhood, he/she may live much longer than 50 years.","Mortality rates for different age groups (infants, children, and adults) and overall mortality indicators (life expectancy at birth or survival to a given age) are important indicators of health status in a country. Because data on the incidence and prevalence of diseases are frequently unavailable, mortality rates are often used to identify vulnerable populations. And they are among the indicators most frequently used to compare socioeconomic development across countries.",Annual data series from United Nations Population Division's World Population Prospects are interpolated data from 5-year period data. Therefore they may not reflect real events as much as observed data.,,https://datacatalog.worldbank.org/public-licenses#cc-by,,,,,,,,
SP.DYN.CBRT.IN,CC BY-4.0,"Birth rate, crude (per 1,000 people)","Crude birth rate indicates the number of live births occurring during the year, per 1,000 population estimated at midyear. Subtracting the crude death rate from the crude birth rate provides the rate of natural increase, which is equal to the rate of population change in the absence of migration.","World Population Prospects, United Nations (UN), publisher: UN Population Division;
Statistical databases and publications from national statistical offices, National statistical offices;
Demographic Statistics, Eurostat (ESTAT);
Population and Vital Statistics Report (various years), United Nations (UN), publisher: UN Statistical Division",Health: Population: Dynamics,WB_WDI,Per 1000 people,Annual,1960-2023,Weighted average,"Methodology: The crude birth rate is calculated as the number of births in a given period divided by the average population in that period. For human populations the period is usually one year and, if the population changes in size over the year, the divisor is taken as the population at the mid-year. The rate is usually expressed in terms of 1,000 people: for example, a crude birth rate of 9.5 (per 1000 people) in a population of 1 million would imply 9500 births per year in the entire population.
Statistical concept(s): Subtracting the crude death rate from the crude birth rate provides the rate of natural increase, which is equal to the rate of population change in the absence of migration. Vital rates are based on data from birth and death registration systems, censuses, and sample surveys by national statistical offices and other organizations, or on demographic analysis. Data for the most recent year for some high-income countries are provisional estimates based on vital registers. The estimates for many other countries are from the United Nations Population Division.","The crude birth rate is not appropriate for comparison of different populations or areas with large differences in age-distributions. When the crude death rate is subtracted from the crude birth rate, the result is the rate of natural increase, which is the rate of population change in the absence of migration.","Vital registers are the preferred source for these data, but in many developing countries systems for registering births and deaths are absent or incomplete because of deficiencies in the coverage of events or geographic areas. Many developing countries carry out special household surveys that ask respondents about recent births and deaths. Estimates derived in this way are subject to sampling errors and recall errors.",,https://datacatalog.worldbank.org/public-licenses#cc-by,,,,,,,,
SP.DYN.TFRT.IN,CC BY-4.0,"Fertility rate, total (births per woman)",Total fertility rate represents the number of children that would be born to a woman if she were to live to the end of her childbearing years and bear children in accordance with age-specific fertility rates of the specified year.,"World Population Prospects, United Nations (UN), publisher: UN Population Division;
Statistical databases and publications from national statistical offices, National statistical offices;
Demographic Statistics, Eurostat (ESTAT)",Health: Reproductive health,WB_WDI,Births per woman,Annual,1960-2023,Weighted average,"Methodology: Total fertility rate is the sum of the age-specific fertility rates (multiplied by five, if the age-specific fertility rates are for 5-year age groups).
Statistical concept(s): Total fertility rates are based on data on registered live births from vital registration systems or, in the absence of such systems, from censuses or sample surveys. The estimated rates are generally considered reliable measures of fertility in the recent past. Where no empirical information on age-specific fertility rates is available, a model is used to estimate the share of births to adolescents. For countries without reliable vital registration systems fertility rates are generally based on extrapolations from trends observed in censuses or surveys from earlier years.","Reproductive health is a state of physical and mental well-being in relation to the reproductive system and its functions and processes. Means of achieving reproductive health include education and services during pregnancy and childbirth, safe and effective contraception, and prevention and treatment of sexually transmitted diseases. Complications of pregnancy and childbirth are the leading cause of death and disability among women of reproductive age in developing countries.",Annual data series from United Nations Population Division's World Population Prospects are interpolated data from 5-year period data. Therefore they may not reflect real events as much as observed data.,Relevance to gender indicator: it can indicate the status of women within households and a woman’s decision about the number and spacing of children.,https://datacatalog.worldbank.org/public-licenses#cc-by,,,,,,,,
SP.POP.TOTL,CC BY-4.0,"Population, total","Total population is based on the de facto definition of population, which counts all residents regardless of legal status or citizenship. The values shown are midyear estimates.","World Population Prospects, United Nations (UN), uri: https://population.un.org/wpp/, publisher: UN Population Division;
Statistical databases and publications from national statistical offices, National Statistical Offices, uri: https://unstats.un.org/home/nso_sites/, publisher: National Statistical Offices;
Eurostat: Demographic Statistics, Eurostat (ESTAT), uri: https://ec.europa.eu/eurostat/data/database?node_code=earn_ses_monthly, publisher: Eurostat;
Population and Vital Statistics Report (various years), United Nations (UN), uri: https://unstats.un.org, publisher: UN Statistics Division",Health: Population: Structure,WB_WDI,Unit,Annual,1960-2024,Sum,"Methodology: Population estimates are usually based on national population censuses, and estimates of fertility, mortality and migration.



Errors and undercounting in census occur even in high-income countries.  In developing countries errors may be substantial because of limits in the transport, communications, and other resources required to conduct and analyze a full census.



The quality and reliability of official demographic data are also affected by public trust in the government, government commitment to full and accurate enumeration, confidentiality and protection against misuse of census data, and census agencies' independence from political influence. Moreover, comparability of population indicators is limited by differences in the concepts, definitions, collection procedures, and estimation methods used by national statistical agencies and other organizations that collect the data.



The currentness of a census and the availability of complementary data from surveys or registration systems are objective ways to judge demographic data quality. Some European countries' registration systems offer complete information on population in the absence of a census.



The United Nations Statistics Division monitors the completeness of vital registration systems. Some developing countries have made progress over the last 60 years, but others still have deficiencies in civil registration systems.



International migration is the only other factor besides birth and death rates that directly determines a country's population change. Estimating migration is difficult. At any time many people are located outside their home country as tourists, workers, or refugees or for other reasons. Standards for the duration and purpose of international moves that qualify as migration vary, and estimates require information on flows into and out of countries that is difficult to collect.



One of the major data sources of this indicator is UN Population Division's World Population Prospects, which use the cohort component method to produce population estimates and projections.



Population projections, starting from a base year are projected forward using assumptions of mortality, fertility, and migration by age and sex through 2050, based on the UN Population Division's World Population Prospects database medium variant.
Statistical concept(s): Estimates of total population describe the size of total population. Population estimates are dependent on the demographic components of change that are fertility, mortality and migration. As the size of population continues to change throughout the time even within a year, a reference time in the year that the estimate refers to is needed, such as mid-year, end-year or beginning of year. The values shown are midyear estimates.","Increases in human population, whether as a result of immigration or more births than deaths, can impact natural resources and social infrastructure.  This can place pressure on a country's sustainability.  A significant growth in population will negatively impact the availability of land for agricultural production, and will aggravate demand for food, energy, water, social services, and infrastructure. On the other hand, decreasing population size - a result of fewer births than deaths, and people moving out of a country - can impact a government's commitment to maintain services and infrastructure.","Current population estimates for developing countries that lack (i) reliable recent census data, and (ii) pre- and post-census estimates for countries with census data, are provided by the United Nations Population Division and other agencies. 



The cohort component method - a standard method for estimating and projecting population - requires fertility, mortality, and net migration data, often collected from sample surveys, which can be small or limited in coverage. Population estimates are from demographic modeling and so are susceptible to biases and errors from shortcomings in both the model and the data.



Because future trends cannot be known with certainty, population projections have a wide range of uncertainty.",Relevance to gender indicator: disaggregating the population composition by gender will help a country in projecting its demand for social services on a gender basis.,https://datacatalog.worldbank.org/public-licenses#cc-by,,,,,,,,
SP.POP.GROW,CC BY-4.0,Population growth (annual %),"Annual population growth rate for year t is the exponential rate of growth of midyear population from year t-1 to t, expressed as a percentage. Population is based on the de facto definition of population, which counts all residents regardless of legal status or citizenship.","World Population Prospects, United Nations (UN), note: Derived from total population, publisher: UN Population Division;
Statistical databases and publications from national statistical offices, National statistical offices, note: Derived from total population;
Demographic Statistics, Eurostat (ESTAT), note: Derived from total population;
Population and Vital Statistics Report (various years), United Nations (UN), note: Derived from total population, publisher: UN Statistical Division",Health: Population: Dynamics,WB_WDI,Percentage,Annual,1961-2024,Weighted average,"Methodology: The growth rate is computed using the exponential growth formula:



r = ln(pn/p0)/n, 



where r is the exponential rate of growth, ln() is the natural logarithm, pn is the end period population, p0 is the beginning period population, and n is the number of years in between. Note that this is not the geometric growth rate used to compute compound growth over discrete periods.



For information on total population from which the growth rates are calculated, see total population (SP.POP.TOTL).
Statistical concept(s): Total population growth rates are calculated on the assumption that rate of growth is constant between two points in time.","Increases in human population, whether as a result of immigration or more births than deaths, can impact natural resources and social infrastructure.  This can place pressure on a country's sustainability.  A significant growth in population will negatively impact the availability of land for agricultural production, and will aggravate demand for food, energy, water, social services, and infrastructure. On the other hand, decreasing population size - a result of fewer births than deaths, and people moving out of a country - can impact a government's commitment to maintain services and infrastructure.",,,https://datacatalog.worldbank.org/public-licenses#cc-by,,,,,,,,
